timeStamp,elapsed,label,responseCode,responseMessage,threadName,dataType,success,failureMessage,bytes,sentBytes,grpThreads,allThreads,URL,Latency,IdleTime,Connect
1612535323171,645,Home,200,OK,Users 1-10,text,true,,310,130,15,15,http://10.130.153.21:8080/script.php,83,0,39
1612535323171,645,Home,200,OK,Users 1-4,text,true,,311,130,15,15,http://10.130.153.21:8080/script.php,70,0,39
1612535323173,659,Home,200,OK,Users 1-1,text,true,,307,130,15,15,http://10.130.153.21:8080/script.php,61,0,37
1612535323172,678,Home,200,OK,Users 1-5,text,true,,311,130,15,15,http://10.130.153.21:8080/script.php,62,0,38
1612535323173,679,Home,200,OK,Users 1-7,text,true,,311,130,15,15,http://10.130.153.21:8080/script.php,65,0,37
1612535323173,703,Home,200,OK,Users 1-3,text,true,,311,130,15,15,http://10.130.153.21:8080/script.php,79,0,37
1612535323173,704,Home,200,OK,Users 1-14,text,true,,311,130,15,15,http://10.130.153.21:8080/script.php,69,0,37
1612535323174,730,Home,200,OK,Users 1-13,text,true,,311,130,15,15,http://10.130.153.21:8080/script.php,64,0,36
1612535323171,735,Home,200,OK,Users 1-2,text,true,,311,130,15,15,http://10.130.153.21:8080/script.php,76,0,39
1612535323173,734,Home,200,OK,Users 1-9,text,true,,311,130,15,15,http://10.130.153.21:8080/script.php,63,0,37
1612535323173,734,Home,200,OK,Users 1-6,text,true,,310,130,15,15,http://10.130.153.21:8080/script.php,77,0,37
1612535323173,735,Home,200,OK,Users 1-15,text,true,,311,130,15,15,http://10.130.153.21:8080/script.php,61,0,37
1612535323172,737,Home,200,OK,Users 1-12,text,true,,301,130,15,15,http://10.130.153.21:8080/script.php,97,0,38
1612535323171,739,Home,200,OK,Users 1-11,text,true,,301,130,15,15,http://10.130.153.21:8080/script.php,72,0,39
1612535323172,738,Home,200,OK,Users 1-8,text,true,,300,130,15,15,http://10.130.153.21:8080/script.php,78,0,38
1612535329822,431,Home,200,OK,Users 1-4,text,true,,302,130,15,15,http://10.130.153.21:8080/script.php,15,0,1
1612535329822,455,Home,200,OK,Users 1-10,text,true,,307,130,15,15,http://10.130.153.21:8080/script.php,15,0,1
1612535329834,564,Home,200,OK,Users 1-1,text,true,,301,130,15,15,http://10.130.153.21:8080/script.php,9,0,1
1612535329909,516,Home,200,OK,Users 1-9,text,true,,311,130,15,15,http://10.130.153.21:8080/script.php,31,0,2
1612535329878,550,Home,200,OK,Users 1-3,text,true,,301,130,15,15,http://10.130.153.21:8080/script.php,30,0,2
1612535329852,615,Home,200,OK,Users 1-5,text,true,,311,130,15,15,http://10.130.153.21:8080/script.php,9,0,1
1612535329912,588,Home,200,OK,Users 1-11,text,true,,311,130,15,15,http://10.130.153.21:8080/script.php,32,0,1
1612535329879,626,Home,200,OK,Users 1-14,text,true,,311,130,15,15,http://10.130.153.21:8080/script.php,21,0,1
1612535329909,606,Home,200,OK,Users 1-2,text,true,,311,130,15,15,http://10.130.153.21:8080/script.php,23,0,2
1612535329910,606,Home,200,OK,Users 1-6,text,true,,311,130,15,15,http://10.130.153.21:8080/script.php,18,0,1
1612535329910,606,Home,200,OK,Users 1-15,text,true,,311,130,15,15,http://10.130.153.21:8080/script.php,25,0,1
1612535329855,661,Home,200,OK,Users 1-7,text,true,,311,130,15,15,http://10.130.153.21:8080/script.php,29,0,1
1612535329907,616,Home,200,OK,Users 1-13,text,true,,301,130,15,15,http://10.130.153.21:8080/script.php,17,0,1
1612535329913,615,Home,200,OK,Users 1-8,text,true,,301,130,15,15,http://10.130.153.21:8080/script.php,39,0,1
1612535329912,621,Home,200,OK,Users 1-12,text,true,,301,130,15,15,http://10.130.153.21:8080/script.php,54,0,1
1612535336255,188,Home,200,OK,Users 1-4,text,true,,302,130,15,15,http://10.130.153.21:8080/script.php,18,0,2
1612535336279,179,Home,200,OK,Users 1-10,text,true,,302,130,15,15,http://10.130.153.21:8080/script.php,9,0,1
1612535336399,246,Home,200,OK,Users 1-1,text,true,,302,130,15,15,http://10.130.153.21:8080/script.php,9,0,1
1612535336426,287,Home,200,OK,Users 1-9,text,true,,311,130,15,15,http://10.130.153.21:8080/script.php,9,0,1
1612535336429,340,Home,200,OK,Users 1-3,text,true,,311,130,15,15,http://10.130.153.21:8080/script.php,20,0,0
1612535336516,281,Home,200,OK,Users 1-15,text,true,,311,130,15,15,http://10.130.153.21:8080/script.php,23,0,1
1612535336468,352,Home,200,OK,Users 1-5,text,true,,311,130,15,15,http://10.130.153.21:8080/script.php,8,0,1
1612535336501,372,Home,200,OK,Users 1-11,text,true,,311,130,15,15,http://10.130.153.21:8080/script.php,30,0,1
1612535336506,460,Home,200,OK,Users 1-14,text,true,,311,130,15,15,http://10.130.153.21:8080/script.php,22,0,1
1612535336529,466,Home,200,OK,Users 1-8,text,true,,302,130,15,15,http://10.130.153.21:8080/script.php,51,0,1
1612535336517,495,Home,200,OK,Users 1-7,text,true,,302,130,15,15,http://10.130.153.21:8080/script.php,47,0,0
1612535336533,481,Home,200,OK,Users 1-12,text,true,,302,130,15,15,http://10.130.153.21:8080/script.php,51,0,1
1612535336516,511,Home,200,OK,Users 1-6,text,true,,292,130,15,15,http://10.130.153.21:8080/script.php,52,0,1
1612535336523,519,Home,200,OK,Users 1-13,text,true,,292,130,15,15,http://10.130.153.21:8080/script.php,18,0,1
1612535336516,528,Home,200,OK,Users 1-2,text,true,,292,130,15,15,http://10.130.153.21:8080/script.php,54,0,0
1612535342443,186,Home,200,OK,Users 1-4,text,true,,292,130,15,15,http://10.130.153.21:8080/script.php,19,0,2
1612535342459,176,Home,200,OK,Users 1-10,text,true,,292,130,15,15,http://10.130.153.21:8080/script.php,9,0,1
1612535342646,186,Home,200,OK,Users 1-1,text,true,,302,130,15,15,http://10.130.153.21:8080/script.php,12,0,2
1612535342714,182,Home,200,OK,Users 1-9,text,true,,302,130,15,15,http://10.130.153.21:8080/script.php,9,0,1
1612535342770,186,Home,200,OK,Users 1-3,text,true,,302,130,15,15,http://10.130.153.21:8080/script.php,10,0,2
1612535342797,186,Home,200,OK,Users 1-15,text,true,,311,130,15,15,http://10.130.153.21:8080/script.php,9,0,1
1612535342820,201,Home,200,OK,Users 1-5,text,true,,311,130,15,15,http://10.130.153.21:8080/script.php,19,0,2
1612535342875,198,Home,200,OK,Users 1-11,text,true,,302,130,15,15,http://10.130.153.21:8080/script.php,21,0,1
1612535342967,200,Home,200,OK,Users 1-14,text,true,,311,130,15,15,http://10.130.153.21:8080/script.php,9,0,1
1612535343013,238,Home,200,OK,Users 1-7,text,true,,311,130,15,15,http://10.130.153.21:8080/script.php,21,0,0
1612535342996,285,Home,200,OK,Users 1-8,text,true,,311,130,15,15,http://10.130.153.21:8080/script.php,8,0,1
1612535343015,277,Home,200,OK,Users 1-12,text,true,,311,130,15,15,http://10.130.153.21:8080/script.php,13,0,1
1612535343027,313,Home,200,OK,Users 1-6,text,true,,301,130,15,15,http://10.130.153.21:8080/script.php,25,0,1
1612535343043,311,Home,200,OK,Users 1-13,text,true,,292,130,15,15,http://10.130.153.21:8080/script.php,21,0,1
1612535343045,309,Home,200,OK,Users 1-2,text,true,,292,130,15,15,http://10.130.153.21:8080/script.php,27,0,1
1612535348632,182,Home,200,OK,Users 1-4,text,true,,291,130,15,15,http://10.130.153.21:8080/script.php,15,0,1
1612535348635,180,Home,200,OK,Users 1-10,text,true,,292,130,15,15,http://10.130.153.21:8080/script.php,13,0,1
1612535348832,185,Home,200,OK,Users 1-1,text,true,,302,130,15,15,http://10.130.153.21:8080/script.php,12,0,1
1612535348896,182,Home,200,OK,Users 1-9,text,true,,302,130,15,15,http://10.130.153.21:8080/script.php,9,0,1
1612535348955,185,Home,200,OK,Users 1-3,text,true,,302,130,15,15,http://10.130.153.21:8080/script.php,10,0,2
1612535348982,184,Home,200,OK,Users 1-15,text,true,,301,130,15,15,http://10.130.153.21:8080/script.php,8,0,1
1612535349021,184,Home,200,OK,Users 1-5,text,true,,301,130,15,15,http://10.130.153.21:8080/script.php,9,0,1
1612535349072,185,Home,200,OK,Users 1-11,text,true,,301,130,15,15,http://10.130.153.21:8080/script.php,13,0,1
1612535349167,182,Home,200,OK,Users 1-14,text,true,,302,130,15,15,http://10.130.153.21:8080/script.php,9,0,1
1612535349251,195,Home,200,OK,Users 1-7,text,true,,302,130,15,15,http://10.130.153.21:8080/script.php,8,0,1
1612535349292,186,Home,200,OK,Users 1-12,text,true,,311,130,15,15,http://10.130.153.21:8080/script.php,9,0,1
1612535349281,209,Home,200,OK,Users 1-8,text,true,,302,130,15,15,http://10.130.153.21:8080/script.php,9,0,1
1612535349340,232,Home,200,OK,Users 1-6,text,true,,301,130,15,15,http://10.130.153.21:8080/script.php,16,0,1
1612535349353,247,Home,200,OK,Users 1-13,text,true,,292,130,15,15,http://10.130.153.21:8080/script.php,30,0,2
1612535349353,253,Home,200,OK,Users 1-2,text,true,,291,130,15,15,http://10.130.153.21:8080/script.php,22,0,2
1612535354817,182,Home,200,OK,Users 1-10,text,true,,292,130,15,15,http://10.130.153.21:8080/script.php,15,0,0
1612535354816,183,Home,200,OK,Users 1-4,text,true,,292,130,15,15,http://10.130.153.21:8080/script.php,16,0,1
1612535355018,184,Home,200,OK,Users 1-1,text,true,,302,130,15,15,http://10.130.153.21:8080/script.php,12,0,1
1612535355080,181,Home,200,OK,Users 1-9,text,true,,302,130,15,15,http://10.130.153.21:8080/script.php,9,0,1
1612535355142,185,Home,200,OK,Users 1-3,text,true,,302,130,15,15,http://10.130.153.21:8080/script.php,10,0,2
1612535355168,185,Home,200,OK,Users 1-15,text,true,,311,130,15,15,http://10.130.153.21:8080/script.php,9,0,1
1612535355206,185,Home,200,OK,Users 1-5,text,true,,301,130,15,15,http://10.130.153.21:8080/script.php,10,0,2
1612535355259,181,Home,200,OK,Users 1-11,text,true,,301,130,15,15,http://10.130.153.21:8080/script.php,9,0,1
1612535355350,181,Home,200,OK,Users 1-14,text,true,,302,130,15,15,http://10.130.153.21:8080/script.php,9,0,2
1612535355448,182,Home,200,OK,Users 1-7,text,true,,302,130,15,15,http://10.130.153.21:8080/script.php,8,0,0
1612535355480,183,Home,200,OK,Users 1-12,text,true,,302,130,15,15,http://10.130.153.21:8080/script.php,8,0,1
1612535355491,184,Home,200,OK,Users 1-8,text,true,,311,130,15,15,http://10.130.153.21:8080/script.php,9,0,1
1612535355574,189,Home,200,OK,Users 1-6,text,true,,301,130,15,15,http://10.130.153.21:8080/script.php,9,0,1
1612535355602,218,Home,200,OK,Users 1-13,text,true,,301,130,15,15,http://10.130.153.21:8080/script.php,30,0,1
1612535355607,217,Home,200,OK,Users 1-2,text,true,,301,130,15,15,http://10.130.153.21:8080/script.php,31,0,2
1612535361000,185,Home,200,OK,Users 1-10,text,true,,292,130,15,15,http://10.130.153.21:8080/script.php,17,0,2
1612535361000,185,Home,200,OK,Users 1-4,text,true,,292,130,15,15,http://10.130.153.21:8080/script.php,17,0,2
1612535361203,183,Home,200,OK,Users 1-1,text,true,,302,130,15,15,http://10.130.153.21:8080/script.php,12,0,1
1612535361262,182,Home,200,OK,Users 1-9,text,true,,302,130,15,15,http://10.130.153.21:8080/script.php,9,0,1
1612535361328,184,Home,200,OK,Users 1-3,text,true,,302,130,15,15,http://10.130.153.21:8080/script.php,9,0,1
1612535361353,185,Home,200,OK,Users 1-15,text,true,,311,130,15,15,http://10.130.153.21:8080/script.php,10,0,2
1612535361391,184,Home,200,OK,Users 1-5,text,true,,301,130,15,15,http://10.130.153.21:8080/script.php,9,0,1
1612535361441,182,Home,200,OK,Users 1-11,text,true,,301,130,15,15,http://10.130.153.21:8080/script.php,10,0,1
1612535361532,181,Home,200,OK,Users 1-14,text,true,,302,130,15,15,http://10.130.153.21:8080/script.php,9,0,1
1612535361631,183,Home,200,OK,Users 1-7,text,true,,302,130,15,15,http://10.130.153.21:8080/script.php,9,0,1
1612535361664,184,Home,200,OK,Users 1-12,text,true,,301,130,15,15,http://10.130.153.21:8080/script.php,9,0,1
1612535361675,184,Home,200,OK,Users 1-8,text,true,,311,130,15,15,http://10.130.153.21:8080/script.php,9,0,2
1612535361763,183,Home,200,OK,Users 1-6,text,true,,301,130,15,15,http://10.130.153.21:8080/script.php,9,0,2
1612535361821,188,Home,200,OK,Users 1-13,text,true,,301,130,15,15,http://10.130.153.21:8080/script.php,9,0,1
1612535361825,193,Home,200,OK,Users 1-2,text,true,,300,130,15,15,http://10.130.153.21:8080/script.php,23,0,1
1612535367186,186,Home,200,OK,Users 1-4,text,true,,292,130,15,15,http://10.130.153.21:8080/script.php,19,0,2
1612535367186,186,Home,200,OK,Users 1-10,text,true,,292,130,15,15,http://10.130.153.21:8080/script.php,19,0,2
1612535367387,185,Home,200,OK,Users 1-1,text,true,,302,130,15,15,http://10.130.153.21:8080/script.php,11,0,1
1612535367444,181,Home,200,OK,Users 1-9,text,true,,302,130,15,15,http://10.130.153.21:8080/script.php,8,0,1
1612535367513,184,Home,200,OK,Users 1-3,text,true,,302,130,15,15,http://10.130.153.21:8080/script.php,9,0,1
1612535367539,184,Home,200,OK,Users 1-15,text,true,,310,130,15,15,http://10.130.153.21:8080/script.php,9,0,1
1612535367576,184,Home,200,OK,Users 1-5,text,true,,301,130,15,15,http://10.130.153.21:8080/script.php,9,0,1
1612535367624,182,Home,200,OK,Users 1-11,text,true,,301,130,15,15,http://10.130.153.21:8080/script.php,9,0,2
1612535367714,180,Home,200,OK,Users 1-14,text,true,,311,130,15,15,http://10.130.153.21:8080/script.php,9,0,1
1612535367815,182,Home,200,OK,Users 1-7,text,true,,302,130,15,15,http://10.130.153.21:8080/script.php,9,0,1
1612535367849,184,Home,200,OK,Users 1-12,text,true,,302,130,15,15,http://10.130.153.21:8080/script.php,9,0,1
1612535367860,184,Home,200,OK,Users 1-8,text,true,,311,130,15,15,http://10.130.153.21:8080/script.php,9,0,1
1612535367947,183,Home,200,OK,Users 1-6,text,true,,301,130,15,15,http://10.130.153.21:8080/script.php,9,0,2
1612535368009,181,Home,200,OK,Users 1-13,text,true,,301,130,15,15,http://10.130.153.21:8080/script.php,9,0,2
1612535368019,191,Home,200,OK,Users 1-2,text,true,,300,130,15,15,http://10.130.153.21:8080/script.php,21,0,1
1612535373373,187,Home,200,OK,Users 1-10,text,true,,292,130,15,15,http://10.130.153.21:8080/script.php,20,0,2
1612535373373,187,Home,200,OK,Users 1-4,text,true,,292,130,15,15,http://10.130.153.21:8080/script.php,20,0,2
1612535373573,185,Home,200,OK,Users 1-1,text,true,,302,130,15,15,http://10.130.153.21:8080/script.php,11,0,1
1612535373626,181,Home,200,OK,Users 1-9,text,true,,302,130,15,15,http://10.130.153.21:8080/script.php,9,0,1
1612535373698,184,Home,200,OK,Users 1-3,text,true,,302,130,15,15,http://10.130.153.21:8080/script.php,9,0,1
1612535373724,185,Home,200,OK,Users 1-15,text,true,,310,130,15,15,http://10.130.153.21:8080/script.php,9,0,1
1612535373761,184,Home,200,OK,Users 1-5,text,true,,301,130,15,15,http://10.130.153.21:8080/script.php,9,0,1
1612535373808,182,Home,200,OK,Users 1-11,text,true,,301,130,15,15,http://10.130.153.21:8080/script.php,9,0,1
1612535373895,180,Home,200,OK,Users 1-14,text,true,,311,130,15,15,http://10.130.153.21:8080/script.php,8,0,1
1612535373998,182,Home,200,OK,Users 1-7,text,true,,302,130,15,15,http://10.130.153.21:8080/script.php,8,0,1
1612535374034,184,Home,200,OK,Users 1-12,text,true,,302,130,15,15,http://10.130.153.21:8080/script.php,8,0,1
1612535374045,183,Home,200,OK,Users 1-8,text,true,,311,130,15,15,http://10.130.153.21:8080/script.php,8,0,1
1612535374131,183,Home,200,OK,Users 1-6,text,true,,301,130,15,15,http://10.130.153.21:8080/script.php,9,0,1
1612535374190,181,Home,200,OK,Users 1-13,text,true,,301,130,15,15,http://10.130.153.21:8080/script.php,9,0,2
1612535374211,184,Home,200,OK,Users 1-2,text,true,,301,130,15,15,http://10.130.153.21:8080/script.php,14,0,1
1612535379561,184,Home,200,OK,Users 1-10,text,true,,292,130,15,15,http://10.130.153.21:8080/script.php,17,0,2
1612535379560,185,Home,200,OK,Users 1-4,text,true,,292,130,15,15,http://10.130.153.21:8080/script.php,18,0,2
1612535379758,184,Home,200,OK,Users 1-1,text,true,,302,130,15,15,http://10.130.153.21:8080/script.php,12,0,1
1612535379807,180,Home,200,OK,Users 1-9,text,true,,302,130,15,15,http://10.130.153.21:8080/script.php,8,0,1
1612535379882,184,Home,200,OK,Users 1-3,text,true,,302,130,15,15,http://10.130.153.21:8080/script.php,8,0,1
1612535379909,185,Home,200,OK,Users 1-15,text,true,,310,130,15,15,http://10.130.153.21:8080/script.php,8,0,1
1612535379944,184,Home,200,OK,Users 1-5,text,true,,301,130,15,15,http://10.130.153.21:8080/script.php,9,0,1
1612535379990,182,Home,200,OK,Users 1-11,text,true,,301,130,15,15,http://10.130.153.21:8080/script.php,9,0,1
1612535380074,181,Home,200,OK,Users 1-14,text,true,,311,130,15,15,http://10.130.153.21:8080/script.php,9,0,2
1612535380180,181,Home,200,OK,Users 1-7,text,true,,302,130,15,15,http://10.130.153.21:8080/script.php,8,0,1
1612535380218,182,Home,200,OK,Users 1-12,text,true,,302,130,15,15,http://10.130.153.21:8080/script.php,8,0,1
1612535380228,183,Home,200,OK,Users 1-8,text,true,,311,130,15,15,http://10.130.153.21:8080/script.php,8,0,1
1612535380313,183,Home,200,OK,Users 1-6,text,true,,301,130,15,15,http://10.130.153.21:8080/script.php,9,0,1
1612535380371,180,Home,200,OK,Users 1-13,text,true,,300,130,15,15,http://10.130.153.21:8080/script.php,8,0,1
1612535380395,183,Home,200,OK,Users 1-2,text,true,,301,130,15,15,http://10.130.153.21:8080/script.php,13,0,1
1612535385746,186,Home,200,OK,Users 1-4,text,true,,292,130,15,15,http://10.130.153.21:8080/script.php,18,0,2
1612535385746,186,Home,200,OK,Users 1-10,text,true,,292,130,15,15,http://10.130.153.21:8080/script.php,18,0,2
1612535385943,184,Home,200,OK,Users 1-1,text,true,,302,130,15,15,http://10.130.153.21:8080/script.php,11,0,1
1612535385988,181,Home,200,OK,Users 1-9,text,true,,302,130,15,15,http://10.130.153.21:8080/script.php,9,0,2
1612535386067,183,Home,200,OK,Users 1-3,text,true,,302,130,15,15,http://10.130.153.21:8080/script.php,8,0,0
1612535386094,184,Home,200,OK,Users 1-15,text,true,,311,130,15,15,http://10.130.153.21:8080/script.php,8,0,1
1612535386129,184,Home,200,OK,Users 1-5,text,true,,301,130,15,15,http://10.130.153.21:8080/script.php,8,0,1
1612535386172,182,Home,200,OK,Users 1-11,text,true,,301,130,15,15,http://10.130.153.21:8080/script.php,8,0,1
1612535386256,180,Home,200,OK,Users 1-14,text,true,,311,130,15,15,http://10.130.153.21:8080/script.php,9,0,1
1612535386362,181,Home,200,OK,Users 1-7,text,true,,302,130,15,15,http://10.130.153.21:8080/script.php,8,0,1
1612535386401,184,Home,200,OK,Users 1-12,text,true,,302,130,15,15,http://10.130.153.21:8080/script.php,9,0,1
1612535386412,183,Home,200,OK,Users 1-8,text,true,,310,130,15,15,http://10.130.153.21:8080/script.php,8,0,1
1612535386497,183,Home,200,OK,Users 1-6,text,true,,301,130,15,15,http://10.130.153.21:8080/script.php,9,0,1
1612535386552,181,Home,200,OK,Users 1-13,text,true,,301,130,15,15,http://10.130.153.21:8080/script.php,9,0,1
1612535386579,183,Home,200,OK,Users 1-2,text,true,,301,130,15,15,http://10.130.153.21:8080/script.php,13,0,1
1612535391934,183,Home,200,OK,Users 1-10,text,true,,292,130,15,15,http://10.130.153.21:8080/script.php,16,0,1
1612535391934,183,Home,200,OK,Users 1-4,text,true,,292,130,15,15,http://10.130.153.21:8080/script.php,16,0,1
1612535392129,182,Home,200,OK,Users 1-1,text,true,,302,130,15,15,http://10.130.153.21:8080/script.php,11,0,1
1612535392171,224,Home,200,OK,Users 1-9,text,true,,302,130,15,15,http://10.130.153.21:8080/script.php,9,0,1
1612535392252,195,Home,200,OK,Users 1-3,text,true,,301,130,15,15,http://10.130.153.21:8080/script.php,9,0,1
1612535392280,186,Home,200,OK,Users 1-15,text,true,,311,130,15,15,http://10.130.153.21:8080/script.php,10,0,2
1612535392315,190,Home,200,OK,Users 1-5,text,true,,301,130,15,15,http://10.130.153.21:8080/script.php,8,0,1
1612535392356,203,Home,200,OK,Users 1-11,text,true,,297,130,15,15,http://10.130.153.21:8080/script.php,20,0,1
1612535392438,187,Home,200,OK,Users 1-14,text,true,,311,130,15,15,http://10.130.153.21:8080/script.php,15,0,1
1612535392545,183,Home,200,OK,Users 1-7,text,true,,302,130,15,15,http://10.130.153.21:8080/script.php,9,0,2
1612535392586,184,Home,200,OK,Users 1-12,text,true,,301,130,15,15,http://10.130.153.21:8080/script.php,9,0,1
1612535392596,184,Home,200,OK,Users 1-8,text,true,,310,130,15,15,http://10.130.153.21:8080/script.php,9,0,2
1612535392681,183,Home,200,OK,Users 1-6,text,true,,301,130,15,15,http://10.130.153.21:8080/script.php,9,0,2
1612535392735,181,Home,200,OK,Users 1-13,text,true,,300,130,15,15,http://10.130.153.21:8080/script.php,9,0,1
1612535392764,183,Home,200,OK,Users 1-2,text,true,,301,130,15,15,http://10.130.153.21:8080/script.php,13,0,1
1612535398118,189,Home,200,OK,Users 1-10,text,true,,292,130,15,15,http://10.130.153.21:8080/script.php,22,0,2
1612535398118,190,Home,200,OK,Users 1-4,text,true,,291,130,15,15,http://10.130.153.21:8080/script.php,22,0,2
1612535398312,183,Home,200,OK,Users 1-1,text,true,,301,130,15,15,http://10.130.153.21:8080/script.php,10,0,1
1612535398396,183,Home,200,OK,Users 1-9,text,true,,302,130,15,15,http://10.130.153.21:8080/script.php,9,0,1
1612535398447,185,Home,200,OK,Users 1-3,text,true,,302,130,15,15,http://10.130.153.21:8080/script.php,9,0,1
1612535398466,185,Home,200,OK,Users 1-15,text,true,,311,130,15,15,http://10.130.153.21:8080/script.php,9,0,1
1612535398506,184,Home,200,OK,Users 1-5,text,true,,301,130,15,15,http://10.130.153.21:8080/script.php,9,0,1
1612535398559,200,Home,200,OK,Users 1-11,text,true,,301,130,15,15,http://10.130.153.21:8080/script.php,27,0,1
1612535398626,185,Home,200,OK,Users 1-14,text,true,,311,130,15,15,http://10.130.153.21:8080/script.php,13,0,1
1612535398728,183,Home,200,OK,Users 1-7,text,true,,302,130,15,15,http://10.130.153.21:8080/script.php,9,0,2
1612535398771,183,Home,200,OK,Users 1-12,text,true,,301,130,15,15,http://10.130.153.21:8080/script.php,8,0,1
1612535398780,184,Home,200,OK,Users 1-8,text,true,,311,130,15,15,http://10.130.153.21:8080/script.php,9,0,2
1612535398865,182,Home,200,OK,Users 1-6,text,true,,301,130,15,15,http://10.130.153.21:8080/script.php,8,0,1
1612535398917,181,Home,200,OK,Users 1-13,text,true,,301,130,15,15,http://10.130.153.21:8080/script.php,8,0,1
1612535398948,183,Home,200,OK,Users 1-2,text,true,,301,130,15,15,http://10.130.153.21:8080/script.php,13,0,1
1612535404309,185,Home,200,OK,Users 1-10,text,true,,292,130,15,15,http://10.130.153.21:8080/script.php,17,0,1
1612535404309,185,Home,200,OK,Users 1-4,text,true,,292,130,15,15,http://10.130.153.21:8080/script.php,17,0,1
1612535404496,178,Home,200,OK,Users 1-1,text,true,,302,130,15,15,http://10.130.153.21:8080/script.php,8,0,1
1612535404580,183,Home,200,OK,Users 1-9,text,true,,292,130,15,15,http://10.130.153.21:8080/script.php,8,0,1
1612535404633,184,Home,200,OK,Users 1-3,text,true,,302,130,15,15,http://10.130.153.21:8080/script.php,8,0,1
1612535404691,185,Home,200,OK,Users 1-5,text,true,,311,130,15,15,http://10.130.153.21:8080/script.php,8,0,1
1612535404652,228,Home,200,OK,Users 1-15,text,true,,301,130,15,15,http://10.130.153.21:8080/script.php,9,0,1
1612535404760,184,Home,200,OK,Users 1-11,text,true,,301,130,15,15,http://10.130.153.21:8080/script.php,10,0,1
1612535404812,186,Home,200,OK,Users 1-14,text,true,,311,130,15,15,http://10.130.153.21:8080/script.php,12,0,1
1612535404912,182,Home,200,OK,Users 1-7,text,true,,302,130,15,15,http://10.130.153.21:8080/script.php,9,0,1
1612535404955,184,Home,200,OK,Users 1-12,text,true,,302,130,15,15,http://10.130.153.21:8080/script.php,9,0,1
1612535404965,184,Home,200,OK,Users 1-8,text,true,,311,130,15,15,http://10.130.153.21:8080/script.php,9,0,1
1612535405047,182,Home,200,OK,Users 1-6,text,true,,301,130,15,15,http://10.130.153.21:8080/script.php,8,0,1
1612535405098,180,Home,200,OK,Users 1-13,text,true,,301,130,15,15,http://10.130.153.21:8080/script.php,8,0,1
1612535405132,184,Home,200,OK,Users 1-2,text,true,,301,130,15,15,http://10.130.153.21:8080/script.php,14,0,0
1612535410495,179,Home,200,OK,Users 1-4,text,true,,292,130,15,15,http://10.130.153.21:8080/script.php,11,0,0
1612535410496,178,Home,200,OK,Users 1-10,text,true,,292,130,15,15,http://10.130.153.21:8080/script.php,11,0,1
1612535410675,176,Home,200,OK,Users 1-1,text,true,,291,130,15,15,http://10.130.153.21:8080/script.php,8,0,0
1612535410763,181,Home,200,OK,Users 1-9,text,true,,302,130,15,15,http://10.130.153.21:8080/script.php,9,0,1
1612535410818,183,Home,200,OK,Users 1-3,text,true,,302,130,15,15,http://10.130.153.21:8080/script.php,8,0,1
1612535410876,185,Home,200,OK,Users 1-5,text,true,,311,130,15,15,http://10.130.153.21:8080/script.php,9,0,2
1612535410880,185,Home,200,OK,Users 1-15,text,true,,301,130,15,15,http://10.130.153.21:8080/script.php,9,0,1
1612535410945,183,Home,200,OK,Users 1-11,text,true,,301,130,15,15,http://10.130.153.21:8080/script.php,9,0,1
1612535410998,184,Home,200,OK,Users 1-14,text,true,,311,130,15,15,http://10.130.153.21:8080/script.php,10,0,0
1612535411095,181,Home,200,OK,Users 1-7,text,true,,302,130,15,15,http://10.130.153.21:8080/script.php,7,0,0
1612535411139,183,Home,200,OK,Users 1-12,text,true,,302,130,15,15,http://10.130.153.21:8080/script.php,8,0,1
1612535411149,183,Home,200,OK,Users 1-8,text,true,,311,130,15,15,http://10.130.153.21:8080/script.php,8,0,1
1612535411230,183,Home,200,OK,Users 1-6,text,true,,301,130,15,15,http://10.130.153.21:8080/script.php,8,0,1
1612535411279,181,Home,200,OK,Users 1-13,text,true,,301,130,15,15,http://10.130.153.21:8080/script.php,8,0,0
1612535411317,183,Home,200,OK,Users 1-2,text,true,,301,130,15,15,http://10.130.153.21:8080/script.php,12,0,0
1612535416673,184,Home,200,OK,Users 1-4,text,true,,292,130,15,15,http://10.130.153.21:8080/script.php,16,0,2
1612535416674,185,Home,200,OK,Users 1-10,text,true,,292,130,15,15,http://10.130.153.21:8080/script.php,15,0,1
1612535416851,177,Home,200,OK,Users 1-1,text,true,,291,130,15,15,http://10.130.153.21:8080/script.php,9,0,1
1612535416943,181,Home,200,OK,Users 1-9,text,true,,302,130,15,15,http://10.130.153.21:8080/script.php,9,0,2
1612535417001,182,Home,200,OK,Users 1-3,text,true,,302,130,15,15,http://10.130.153.21:8080/script.php,8,0,1
1612535417061,184,Home,200,OK,Users 1-5,text,true,,311,130,15,15,http://10.130.153.21:8080/script.php,9,0,1
1612535417064,185,Home,200,OK,Users 1-15,text,true,,301,130,15,15,http://10.130.153.21:8080/script.php,9,0,2
1612535417127,184,Home,200,OK,Users 1-11,text,true,,301,130,15,15,http://10.130.153.21:8080/script.php,9,0,2
1612535417182,182,Home,200,OK,Users 1-14,text,true,,311,130,15,15,http://10.130.153.21:8080/script.php,8,0,1
1612535417276,183,Home,200,OK,Users 1-7,text,true,,302,130,15,15,http://10.130.153.21:8080/script.php,9,0,1
1612535417322,184,Home,200,OK,Users 1-12,text,true,,307,130,15,15,http://10.130.153.21:8080/script.php,9,0,1
1612535417332,184,Home,200,OK,Users 1-8,text,true,,310,130,15,15,http://10.130.153.21:8080/script.php,9,0,1
1612535417413,183,Home,200,OK,Users 1-6,text,true,,301,130,15,15,http://10.130.153.21:8080/script.php,9,0,1
1612535417459,182,Home,200,OK,Users 1-13,text,true,,301,130,15,15,http://10.130.153.21:8080/script.php,9,0,2
1612535417500,183,Home,200,OK,Users 1-2,text,true,,301,130,15,15,http://10.130.153.21:8080/script.php,13,0,1
1612535422858,186,Home,200,OK,Users 1-4,text,true,,292,130,15,15,http://10.130.153.21:8080/script.php,18,0,1
1612535422860,184,Home,200,OK,Users 1-10,text,true,,298,130,15,15,http://10.130.153.21:8080/script.php,16,0,1
1612535423029,177,Home,200,OK,Users 1-1,text,true,,292,130,15,15,http://10.130.153.21:8080/script.php,8,0,1
1612535423125,179,Home,200,OK,Users 1-9,text,true,,302,130,15,15,http://10.130.153.21:8080/script.php,8,0,0
1612535423185,182,Home,200,OK,Users 1-3,text,true,,302,130,15,15,http://10.130.153.21:8080/script.php,8,0,1
1612535423247,184,Home,200,OK,Users 1-5,text,true,,311,130,15,15,http://10.130.153.21:8080/script.php,9,0,1
1612535423251,185,Home,200,OK,Users 1-15,text,true,,301,130,15,15,http://10.130.153.21:8080/script.php,8,0,1
1612535423313,183,Home,200,OK,Users 1-11,text,true,,301,130,15,15,http://10.130.153.21:8080/script.php,9,0,1
1612535423366,183,Home,200,OK,Users 1-14,text,true,,311,130,15,15,http://10.130.153.21:8080/script.php,9,0,1
1612535423460,183,Home,200,OK,Users 1-7,text,true,,302,130,15,15,http://10.130.153.21:8080/script.php,9,0,2
1612535423507,184,Home,200,OK,Users 1-12,text,true,,302,130,15,15,http://10.130.153.21:8080/script.php,9,0,2
1612535423517,184,Home,200,OK,Users 1-8,text,true,,311,130,15,15,http://10.130.153.21:8080/script.php,9,0,2
1612535423598,183,Home,200,OK,Users 1-6,text,true,,301,130,15,15,http://10.130.153.21:8080/script.php,9,0,1
1612535423643,181,Home,200,OK,Users 1-13,text,true,,301,130,15,15,http://10.130.153.21:8080/script.php,9,0,1
1612535423684,184,Home,200,OK,Users 1-2,text,true,,301,130,15,15,http://10.130.153.21:8080/script.php,14,0,2
1612535429046,183,Home,200,OK,Users 1-10,text,true,,292,130,15,15,http://10.130.153.21:8080/script.php,15,0,2
1612535429046,183,Home,200,OK,Users 1-4,text,true,,302,130,15,15,http://10.130.153.21:8080/script.php,15,0,2
1612535429207,177,Home,200,OK,Users 1-1,text,true,,292,130,15,15,http://10.130.153.21:8080/script.php,8,0,1
1612535429306,180,Home,200,OK,Users 1-9,text,true,,301,130,15,15,http://10.130.153.21:8080/script.php,9,0,1
1612535429368,182,Home,200,OK,Users 1-3,text,true,,302,130,15,15,http://10.130.153.21:8080/script.php,9,0,1
1612535429432,185,Home,200,OK,Users 1-5,text,true,,311,130,15,15,http://10.130.153.21:8080/script.php,9,0,1
1612535429436,185,Home,200,OK,Users 1-15,text,true,,301,130,15,15,http://10.130.153.21:8080/script.php,9,0,1
1612535429497,183,Home,200,OK,Users 1-11,text,true,,301,130,15,15,http://10.130.153.21:8080/script.php,9,0,1
1612535429550,182,Home,200,OK,Users 1-14,text,true,,311,130,15,15,http://10.130.153.21:8080/script.php,8,0,1
1612535429644,182,Home,200,OK,Users 1-7,text,true,,302,130,15,15,http://10.130.153.21:8080/script.php,9,0,1
1612535429692,184,Home,200,OK,Users 1-12,text,true,,302,130,15,15,http://10.130.153.21:8080/script.php,9,0,1
1612535429702,184,Home,200,OK,Users 1-8,text,true,,311,130,15,15,http://10.130.153.21:8080/script.php,9,0,1
1612535429782,201,Home,200,OK,Users 1-6,text,true,,301,130,15,15,http://10.130.153.21:8080/script.php,9,0,1
1612535429825,181,Home,200,OK,Users 1-13,text,true,,301,130,15,15,http://10.130.153.21:8080/script.php,8,0,1
1612535429869,184,Home,200,OK,Users 1-2,text,true,,301,130,15,15,http://10.130.153.21:8080/script.php,14,0,1
1612535435230,185,Home,200,OK,Users 1-4,text,true,,292,130,15,15,http://10.130.153.21:8080/script.php,17,0,2
1612535435230,185,Home,200,OK,Users 1-10,text,true,,298,130,15,15,http://10.130.153.21:8080/script.php,17,0,2
1612535435385,178,Home,200,OK,Users 1-1,text,true,,292,130,15,15,http://10.130.153.21:8080/script.php,9,0,1
1612535435486,179,Home,200,OK,Users 1-9,text,true,,301,130,15,15,http://10.130.153.21:8080/script.php,8,0,1
1612535435551,182,Home,200,OK,Users 1-3,text,true,,301,130,15,15,http://10.130.153.21:8080/script.php,8,0,1
1612535435617,184,Home,200,OK,Users 1-5,text,true,,310,130,15,15,http://10.130.153.21:8080/script.php,8,0,1
1612535435621,184,Home,200,OK,Users 1-15,text,true,,301,130,15,15,http://10.130.153.21:8080/script.php,9,0,1
1612535435681,182,Home,200,OK,Users 1-11,text,true,,299,130,15,15,http://10.130.153.21:8080/script.php,8,0,0
1612535435733,182,Home,200,OK,Users 1-14,text,true,,311,130,15,15,http://10.130.153.21:8080/script.php,8,0,0
1612535435827,182,Home,200,OK,Users 1-7,text,true,,302,130,15,15,http://10.130.153.21:8080/script.php,8,0,1
1612535435876,183,Home,200,OK,Users 1-12,text,true,,302,130,15,15,http://10.130.153.21:8080/script.php,8,0,1
1612535435886,182,Home,200,OK,Users 1-8,text,true,,311,130,15,15,http://10.130.153.21:8080/script.php,8,0,1
1612535435983,183,Home,200,OK,Users 1-6,text,true,,301,130,15,15,http://10.130.153.21:8080/script.php,8,0,1
1612535436009,181,Home,200,OK,Users 1-13,text,true,,301,130,15,15,http://10.130.153.21:8080/script.php,8,0,0
1612535436054,199,Home,200,OK,Users 1-2,text,true,,301,130,15,15,http://10.130.153.21:8080/script.php,12,0,0
1612535441416,179,Home,200,OK,Users 1-10,text,true,,292,130,15,15,http://10.130.153.21:8080/script.php,9,0,1
1612535441416,179,Home,200,OK,Users 1-4,text,true,,299,130,15,15,http://10.130.153.21:8080/script.php,9,0,1
1612535441563,178,Home,200,OK,Users 1-1,text,true,,292,130,15,15,http://10.130.153.21:8080/script.php,9,0,2
1612535441666,178,Home,200,OK,Users 1-9,text,true,,302,130,15,15,http://10.130.153.21:8080/script.php,8,0,1
1612535441733,182,Home,200,OK,Users 1-3,text,true,,302,130,15,15,http://10.130.153.21:8080/script.php,9,0,1
1612535441802,184,Home,200,OK,Users 1-5,text,true,,311,130,15,15,http://10.130.153.21:8080/script.php,8,0,0
1612535441806,183,Home,200,OK,Users 1-15,text,true,,301,130,15,15,http://10.130.153.21:8080/script.php,7,0,0
1612535441864,182,Home,200,OK,Users 1-11,text,true,,301,130,15,15,http://10.130.153.21:8080/script.php,7,0,0
1612535441915,182,Home,200,OK,Users 1-14,text,true,,310,130,15,15,http://10.130.153.21:8080/script.php,8,0,1
1612535442009,182,Home,200,OK,Users 1-7,text,true,,301,130,15,15,http://10.130.153.21:8080/script.php,9,0,1
1612535442059,184,Home,200,OK,Users 1-12,text,true,,302,130,15,15,http://10.130.153.21:8080/script.php,9,0,2
1612535442069,184,Home,200,OK,Users 1-8,text,true,,301,130,15,15,http://10.130.153.21:8080/script.php,9,0,1
1612535442166,182,Home,200,OK,Users 1-6,text,true,,301,130,15,15,http://10.130.153.21:8080/script.php,9,0,1
1612535442190,182,Home,200,OK,Users 1-13,text,true,,301,130,15,15,http://10.130.153.21:8080/script.php,9,0,1
1612535442254,178,Home,200,OK,Users 1-2,text,true,,291,130,15,15,http://10.130.153.21:8080/script.php,8,0,1
1612535447596,184,Home,200,OK,Users 1-10,text,true,,291,130,15,15,http://10.130.153.21:8080/script.php,16,0,2
1612535447596,184,Home,200,OK,Users 1-4,text,true,,297,130,15,15,http://10.130.153.21:8080/script.php,16,0,2
1612535447742,178,Home,200,OK,Users 1-1,text,true,,292,130,15,15,http://10.130.153.21:8080/script.php,9,0,1
1612535447845,178,Home,200,OK,Users 1-9,text,true,,301,130,15,15,http://10.130.153.21:8080/script.php,8,0,1
1612535447915,181,Home,200,OK,Users 1-3,text,true,,302,130,15,15,http://10.130.153.21:8080/script.php,8,0,1
1612535447986,184,Home,200,OK,Users 1-5,text,true,,311,130,15,15,http://10.130.153.21:8080/script.php,9,0,1
1612535447990,183,Home,200,OK,Users 1-15,text,true,,301,130,15,15,http://10.130.153.21:8080/script.php,8,0,1
1612535448047,183,Home,200,OK,Users 1-11,text,true,,301,130,15,15,http://10.130.153.21:8080/script.php,8,0,1
1612535448097,183,Home,200,OK,Users 1-14,text,true,,311,130,15,15,http://10.130.153.21:8080/script.php,9,0,1
1612535448191,182,Home,200,OK,Users 1-7,text,true,,302,130,15,15,http://10.130.153.21:8080/script.php,8,0,0
1612535448242,184,Home,200,OK,Users 1-12,text,true,,301,130,15,15,http://10.130.153.21:8080/script.php,9,0,1
1612535448253,183,Home,200,OK,Users 1-8,text,true,,311,130,15,15,http://10.130.153.21:8080/script.php,8,0,1
1612535448348,183,Home,200,OK,Users 1-6,text,true,,301,130,15,15,http://10.130.153.21:8080/script.php,9,0,1
1612535448371,182,Home,200,OK,Users 1-13,text,true,,301,130,15,15,http://10.130.153.21:8080/script.php,9,0,1
1612535448432,179,Home,200,OK,Users 1-2,text,true,,292,130,15,15,http://10.130.153.21:8080/script.php,8,0,1
1612535453780,184,Home,200,OK,Users 1-10,text,true,,292,130,15,15,http://10.130.153.21:8080/script.php,15,0,1
1612535453780,184,Home,200,OK,Users 1-4,text,true,,292,130,15,15,http://10.130.153.21:8080/script.php,15,0,1
1612535453919,177,Home,200,OK,Users 1-1,text,true,,292,130,15,15,http://10.130.153.21:8080/script.php,9,0,1
1612535454023,178,Home,200,OK,Users 1-9,text,true,,302,130,15,15,http://10.130.153.21:8080/script.php,9,0,1
1612535454096,181,Home,200,OK,Users 1-3,text,true,,301,130,15,15,http://10.130.153.21:8080/script.php,9,0,1
1612535454170,184,Home,200,OK,Users 1-5,text,true,,311,130,15,15,http://10.130.153.21:8080/script.php,9,0,1
1612535454173,184,Home,200,OK,Users 1-15,text,true,,301,130,15,15,http://10.130.153.21:8080/script.php,9,0,1
1612535454229,182,Home,200,OK,Users 1-11,text,true,,301,130,15,15,http://10.130.153.21:8080/script.php,8,0,1
1612535454279,182,Home,200,OK,Users 1-14,text,true,,311,130,15,15,http://10.130.153.21:8080/script.php,8,0,1
1612535454373,181,Home,200,OK,Users 1-7,text,true,,301,130,15,15,http://10.130.153.21:8080/script.php,8,0,1
1612535454426,183,Home,200,OK,Users 1-12,text,true,,302,130,15,15,http://10.130.153.21:8080/script.php,8,0,1
1612535454436,183,Home,200,OK,Users 1-8,text,true,,310,130,15,15,http://10.130.153.21:8080/script.php,8,0,1
1612535454532,182,Home,200,OK,Users 1-6,text,true,,301,130,15,15,http://10.130.153.21:8080/script.php,8,0,0
1612535454554,181,Home,200,OK,Users 1-13,text,true,,301,130,15,15,http://10.130.153.21:8080/script.php,8,0,0
1612535454611,179,Home,200,OK,Users 1-2,text,true,,292,130,15,15,http://10.130.153.21:8080/script.php,9,0,1
1612535459965,187,Home,200,OK,Users 1-4,text,true,,292,130,15,15,http://10.130.153.21:8080/script.php,18,0,1
1612535459965,187,Home,200,OK,Users 1-10,text,true,,298,130,15,15,http://10.130.153.21:8080/script.php,18,0,1
1612535460097,178,Home,200,OK,Users 1-1,text,true,,292,130,15,15,http://10.130.153.21:8080/script.php,8,0,1
1612535460202,177,Home,200,OK,Users 1-9,text,true,,301,130,15,15,http://10.130.153.21:8080/script.php,8,0,1
1612535460277,181,Home,200,OK,Users 1-3,text,true,,302,130,15,15,http://10.130.153.21:8080/script.php,8,0,1
1612535460355,184,Home,200,OK,Users 1-5,text,true,,311,130,15,15,http://10.130.153.21:8080/script.php,8,0,0
1612535460357,183,Home,200,OK,Users 1-15,text,true,,301,130,15,15,http://10.130.153.21:8080/script.php,8,0,1
1612535460412,183,Home,200,OK,Users 1-11,text,true,,301,130,15,15,http://10.130.153.21:8080/script.php,8,0,1
1612535460461,184,Home,200,OK,Users 1-14,text,true,,311,130,15,15,http://10.130.153.21:8080/script.php,9,0,1
1612535460554,182,Home,200,OK,Users 1-7,text,true,,302,130,15,15,http://10.130.153.21:8080/script.php,9,0,1
1612535460609,184,Home,200,OK,Users 1-12,text,true,,302,130,15,15,http://10.130.153.21:8080/script.php,9,0,1
1612535460619,183,Home,200,OK,Users 1-8,text,true,,311,130,15,15,http://10.130.153.21:8080/script.php,9,0,1
1612535460715,183,Home,200,OK,Users 1-6,text,true,,301,130,15,15,http://10.130.153.21:8080/script.php,8,0,0
1612535460735,182,Home,200,OK,Users 1-13,text,true,,301,130,15,15,http://10.130.153.21:8080/script.php,9,0,2
1612535460791,179,Home,200,OK,Users 1-2,text,true,,301,130,15,15,http://10.130.153.21:8080/script.php,9,0,1
1612535466154,184,Home,200,OK,Users 1-10,text,true,,292,130,15,15,http://10.130.153.21:8080/script.php,15,0,1
1612535466154,186,Home,200,OK,Users 1-4,text,true,,292,130,15,15,http://10.130.153.21:8080/script.php,15,0,2
1612535466276,178,Home,200,OK,Users 1-1,text,true,,292,130,15,15,http://10.130.153.21:8080/script.php,9,0,1
1612535466381,178,Home,200,OK,Users 1-9,text,true,,302,130,15,15,http://10.130.153.21:8080/script.php,8,0,1
1612535466460,180,Home,200,OK,Users 1-3,text,true,,302,130,15,15,http://10.130.153.21:8080/script.php,8,0,1
1612535466540,184,Home,200,OK,Users 1-5,text,true,,311,130,15,15,http://10.130.153.21:8080/script.php,9,0,1
1612535466542,183,Home,200,OK,Users 1-15,text,true,,301,130,15,15,http://10.130.153.21:8080/script.php,8,0,1
1612535466596,184,Home,200,OK,Users 1-11,text,true,,301,130,15,15,http://10.130.153.21:8080/script.php,9,0,1
1612535466646,183,Home,200,OK,Users 1-14,text,true,,311,130,15,15,http://10.130.153.21:8080/script.php,9,0,1
1612535466738,181,Home,200,OK,Users 1-7,text,true,,302,130,15,15,http://10.130.153.21:8080/script.php,8,0,1
1612535466794,183,Home,200,OK,Users 1-12,text,true,,302,130,15,15,http://10.130.153.21:8080/script.php,9,0,1
1612535466804,183,Home,200,OK,Users 1-8,text,true,,310,130,15,15,http://10.130.153.21:8080/script.php,8,0,1
1612535466899,183,Home,200,OK,Users 1-6,text,true,,301,130,15,15,http://10.130.153.21:8080/script.php,9,0,1
1612535466919,182,Home,200,OK,Users 1-13,text,true,,301,130,15,15,http://10.130.153.21:8080/script.php,9,0,1
1612535466972,183,Home,200,OK,Users 1-2,text,true,,301,130,15,15,http://10.130.153.21:8080/script.php,12,0,1
1612535472339,182,Home,200,OK,Users 1-10,text,true,,292,130,15,15,http://10.130.153.21:8080/script.php,11,0,1
1612535472341,180,Home,200,OK,Users 1-4,text,true,,291,130,15,15,http://10.130.153.21:8080/script.php,9,0,1
1612535472455,178,Home,200,OK,Users 1-1,text,true,,292,130,15,15,http://10.130.153.21:8080/script.php,9,0,1
1612535472559,178,Home,200,OK,Users 1-9,text,true,,301,130,15,15,http://10.130.153.21:8080/script.php,9,0,1
1612535472641,180,Home,200,OK,Users 1-3,text,true,,301,130,15,15,http://10.130.153.21:8080/script.php,8,0,1
1612535472726,183,Home,200,OK,Users 1-15,text,true,,310,130,15,15,http://10.130.153.21:8080/script.php,8,0,1
1612535472725,184,Home,200,OK,Users 1-5,text,true,,311,130,15,15,http://10.130.153.21:8080/script.php,9,0,1
1612535472780,184,Home,200,OK,Users 1-11,text,true,,301,130,15,15,http://10.130.153.21:8080/script.php,9,0,2
1612535472830,182,Home,200,OK,Users 1-14,text,true,,311,130,15,15,http://10.130.153.21:8080/script.php,8,0,1
1612535472920,182,Home,200,OK,Users 1-7,text,true,,302,130,15,15,http://10.130.153.21:8080/script.php,9,0,1
1612535472978,183,Home,200,OK,Users 1-12,text,true,,302,130,15,15,http://10.130.153.21:8080/script.php,9,0,1
1612535472987,183,Home,200,OK,Users 1-8,text,true,,311,130,15,15,http://10.130.153.21:8080/script.php,8,0,1
1612535473082,183,Home,200,OK,Users 1-6,text,true,,301,130,15,15,http://10.130.153.21:8080/script.php,9,0,2
1612535473102,186,Home,200,OK,Users 1-13,text,true,,300,130,15,15,http://10.130.153.21:8080/script.php,8,0,1
1612535473155,184,Home,200,OK,Users 1-2,text,true,,301,130,15,15,http://10.130.153.21:8080/script.php,13,0,1
1612535478522,188,Home,200,OK,Users 1-10,text,true,,291,130,15,15,http://10.130.153.21:8080/script.php,19,0,1
1612535478522,189,Home,200,OK,Users 1-4,text,true,,292,130,15,15,http://10.130.153.21:8080/script.php,19,0,1
1612535478634,179,Home,200,OK,Users 1-1,text,true,,292,130,15,15,http://10.130.153.21:8080/script.php,8,0,1
1612535478737,177,Home,200,OK,Users 1-9,text,true,,302,130,15,15,http://10.130.153.21:8080/script.php,9,0,1
1612535478822,179,Home,200,OK,Users 1-3,text,true,,302,130,15,15,http://10.130.153.21:8080/script.php,8,0,1
1612535478910,184,Home,200,OK,Users 1-15,text,true,,311,130,15,15,http://10.130.153.21:8080/script.php,9,0,1
1612535478910,184,Home,200,OK,Users 1-5,text,true,,301,130,15,15,http://10.130.153.21:8080/script.php,9,0,1
1612535478965,183,Home,200,OK,Users 1-11,text,true,,301,130,15,15,http://10.130.153.21:8080/script.php,8,0,1
1612535479013,183,Home,200,OK,Users 1-14,text,true,,311,130,15,15,http://10.130.153.21:8080/script.php,9,0,1
1612535479102,182,Home,200,OK,Users 1-7,text,true,,302,130,15,15,http://10.130.153.21:8080/script.php,8,0,1
1612535479162,183,Home,200,OK,Users 1-12,text,true,,302,130,15,15,http://10.130.153.21:8080/script.php,8,0,1
1612535479170,183,Home,200,OK,Users 1-8,text,true,,311,130,15,15,http://10.130.153.21:8080/script.php,8,0,1
1612535479266,181,Home,200,OK,Users 1-6,text,true,,301,130,15,15,http://10.130.153.21:8080/script.php,7,0,0
1612535479288,182,Home,200,OK,Users 1-13,text,true,,301,130,15,15,http://10.130.153.21:8080/script.php,8,0,1
1612535479339,267,Home,200,OK,Users 1-2,text,true,,301,130,15,15,http://10.130.153.21:8080/script.php,13,0,1
1612535484711,184,Home,200,OK,Users 1-4,text,true,,292,130,15,15,http://10.130.153.21:8080/script.php,15,0,1
1612535484711,184,Home,200,OK,Users 1-10,text,true,,292,130,15,15,http://10.130.153.21:8080/script.php,15,0,1
1612535484814,178,Home,200,OK,Users 1-1,text,true,,292,130,15,15,http://10.130.153.21:8080/script.php,9,0,1
1612535484915,176,Home,200,OK,Users 1-9,text,true,,292,130,15,15,http://10.130.153.21:8080/script.php,8,0,1
1612535485001,179,Home,200,OK,Users 1-3,text,true,,302,130,15,15,http://10.130.153.21:8080/script.php,9,0,1
1612535485094,183,Home,200,OK,Users 1-5,text,true,,301,130,15,15,http://10.130.153.21:8080/script.php,9,0,1
1612535485094,183,Home,200,OK,Users 1-15,text,true,,301,130,15,15,http://10.130.153.21:8080/script.php,9,0,1
1612535485148,184,Home,200,OK,Users 1-11,text,true,,301,130,15,15,http://10.130.153.21:8080/script.php,9,0,1
1612535485197,183,Home,200,OK,Users 1-14,text,true,,311,130,15,15,http://10.130.153.21:8080/script.php,8,0,1
1612535485284,182,Home,200,OK,Users 1-7,text,true,,302,130,15,15,http://10.130.153.21:8080/script.php,9,0,1
1612535485345,183,Home,200,OK,Users 1-12,text,true,,302,130,15,15,http://10.130.153.21:8080/script.php,8,0,1
1612535485353,183,Home,200,OK,Users 1-8,text,true,,301,130,15,15,http://10.130.153.21:8080/script.php,8,0,1
1612535485448,180,Home,200,OK,Users 1-6,text,true,,301,130,15,15,http://10.130.153.21:8080/script.php,7,0,0
1612535485470,179,Home,200,OK,Users 1-13,text,true,,301,130,15,15,http://10.130.153.21:8080/script.php,8,0,1
1612535485606,176,Home,200,OK,Users 1-2,text,true,,292,130,15,15,http://10.130.153.21:8080/script.php,8,0,1
1612535490895,186,Home,200,OK,Users 1-4,text,true,,292,130,15,15,http://10.130.153.21:8080/script.php,17,0,1
1612535490895,187,Home,200,OK,Users 1-10,text,true,,292,130,15,15,http://10.130.153.21:8080/script.php,17,0,1
1612535490992,179,Home,200,OK,Users 1-1,text,true,,292,130,15,15,http://10.130.153.21:8080/script.php,8,0,1
1612535491090,176,Home,200,OK,Users 1-9,text,true,,292,130,15,15,http://10.130.153.21:8080/script.php,8,0,1
1612535491180,178,Home,200,OK,Users 1-3,text,true,,302,130,15,15,http://10.130.153.21:8080/script.php,8,0,0
1612535491277,183,Home,200,OK,Users 1-15,text,true,,302,130,15,15,http://10.130.153.21:8080/script.php,8,0,1
1612535491277,183,Home,200,OK,Users 1-5,text,true,,311,130,15,15,http://10.130.153.21:8080/script.php,8,0,1
1612535491331,184,Home,200,OK,Users 1-11,text,true,,301,130,15,15,http://10.130.153.21:8080/script.php,9,0,1
1612535491379,183,Home,200,OK,Users 1-14,text,true,,311,130,15,15,http://10.130.153.21:8080/script.php,8,0,1
1612535491465,182,Home,200,OK,Users 1-7,text,true,,302,130,15,15,http://10.130.153.21:8080/script.php,9,0,1
1612535491527,183,Home,200,OK,Users 1-12,text,true,,302,130,15,15,http://10.130.153.21:8080/script.php,9,0,1
1612535491535,183,Home,200,OK,Users 1-8,text,true,,301,130,15,15,http://10.130.153.21:8080/script.php,9,0,1
1612535491627,181,Home,200,OK,Users 1-6,text,true,,301,130,15,15,http://10.130.153.21:8080/script.php,9,0,1
1612535491648,181,Home,200,OK,Users 1-13,text,true,,301,130,15,15,http://10.130.153.21:8080/script.php,9,0,2
1612535491781,176,Home,200,OK,Users 1-2,text,true,,292,130,15,15,http://10.130.153.21:8080/script.php,9,0,1
1612535497083,188,Home,200,OK,Users 1-4,text,true,,302,130,15,15,http://10.130.153.21:8080/script.php,17,0,1
1612535497082,193,Home,200,OK,Users 1-10,text,true,,292,130,15,15,http://10.130.153.21:8080/script.php,18,0,2
1612535497171,179,Home,200,OK,Users 1-1,text,true,,292,130,15,15,http://10.130.153.21:8080/script.php,9,0,1
1612535497267,177,Home,200,OK,Users 1-9,text,true,,292,130,15,15,http://10.130.153.21:8080/script.php,8,0,1
1612535497359,179,Home,200,OK,Users 1-3,text,true,,302,130,15,15,http://10.130.153.21:8080/script.php,8,0,1
1612535497460,184,Home,200,OK,Users 1-15,text,true,,310,130,15,15,http://10.130.153.21:8080/script.php,9,0,1
1612535497461,183,Home,200,OK,Users 1-5,text,true,,302,130,15,15,http://10.130.153.21:8080/script.php,8,0,1
1612535497516,183,Home,200,OK,Users 1-11,text,true,,301,130,15,15,http://10.130.153.21:8080/script.php,8,0,1
1612535497563,183,Home,200,OK,Users 1-14,text,true,,311,130,15,15,http://10.130.153.21:8080/script.php,8,0,1
1612535497648,182,Home,200,OK,Users 1-7,text,true,,301,130,15,15,http://10.130.153.21:8080/script.php,9,0,1
1612535497711,183,Home,200,OK,Users 1-12,text,true,,302,130,15,15,http://10.130.153.21:8080/script.php,9,0,1
1612535497719,183,Home,200,OK,Users 1-8,text,true,,301,130,15,15,http://10.130.153.21:8080/script.php,9,0,1
1612535497809,182,Home,200,OK,Users 1-6,text,true,,301,130,15,15,http://10.130.153.21:8080/script.php,9,0,1
1612535497829,181,Home,200,OK,Users 1-13,text,true,,301,130,15,15,http://10.130.153.21:8080/script.php,9,0,1
1612535497958,176,Home,200,OK,Users 1-2,text,true,,292,130,15,15,http://10.130.153.21:8080/script.php,8,0,1
1612535503273,191,Home,200,OK,Users 1-4,text,true,,302,130,15,15,http://10.130.153.21:8080/script.php,20,0,1
1612535503276,188,Home,200,OK,Users 1-10,text,true,,292,130,15,15,http://10.130.153.21:8080/script.php,17,0,2
1612535503352,179,Home,200,OK,Users 1-1,text,true,,292,130,15,15,http://10.130.153.21:8080/script.php,8,0,0
1612535503445,177,Home,200,OK,Users 1-9,text,true,,301,130,15,15,http://10.130.153.21:8080/script.php,8,0,1
1612535503539,178,Home,200,OK,Users 1-3,text,true,,302,130,15,15,http://10.130.153.21:8080/script.php,8,0,1
1612535503645,183,Home,200,OK,Users 1-5,text,true,,302,130,15,15,http://10.130.153.21:8080/script.php,9,0,1
1612535503645,183,Home,200,OK,Users 1-15,text,true,,302,130,15,15,http://10.130.153.21:8080/script.php,9,0,1
1612535503701,183,Home,200,OK,Users 1-11,text,true,,301,130,15,15,http://10.130.153.21:8080/script.php,8,0,1
1612535503748,183,Home,200,OK,Users 1-14,text,true,,311,130,15,15,http://10.130.153.21:8080/script.php,8,0,1
1612535503831,181,Home,200,OK,Users 1-7,text,true,,302,130,15,15,http://10.130.153.21:8080/script.php,8,0,1
1612535503896,184,Home,200,OK,Users 1-12,text,true,,302,130,15,15,http://10.130.153.21:8080/script.php,9,0,1
1612535503903,184,Home,200,OK,Users 1-8,text,true,,301,130,15,15,http://10.130.153.21:8080/script.php,9,0,1
1612535503992,182,Home,200,OK,Users 1-6,text,true,,301,130,15,15,http://10.130.153.21:8080/script.php,9,0,1
1612535504011,181,Home,200,OK,Users 1-13,text,true,,301,130,15,15,http://10.130.153.21:8080/script.php,9,0,1
1612535504136,176,Home,200,OK,Users 1-2,text,true,,292,130,15,15,http://10.130.153.21:8080/script.php,9,0,1
1612535509464,189,Home,200,OK,Users 1-4,text,true,,302,130,15,15,http://10.130.153.21:8080/script.php,17,0,2
1612535509465,188,Home,200,OK,Users 1-10,text,true,,302,130,15,15,http://10.130.153.21:8080/script.php,16,0,1
1612535509531,180,Home,200,OK,Users 1-1,text,true,,292,130,15,15,http://10.130.153.21:8080/script.php,9,0,1
1612535509623,178,Home,200,OK,Users 1-9,text,true,,300,130,15,15,http://10.130.153.21:8080/script.php,8,0,1
1612535509718,178,Home,200,OK,Users 1-3,text,true,,302,130,15,15,http://10.130.153.21:8080/script.php,8,0,1
1612535509829,183,Home,200,OK,Users 1-15,text,true,,302,130,15,15,http://10.130.153.21:8080/script.php,8,0,1
1612535509829,183,Home,200,OK,Users 1-5,text,true,,311,130,15,15,http://10.130.153.21:8080/script.php,8,0,1
1612535509885,182,Home,200,OK,Users 1-11,text,true,,301,130,15,15,http://10.130.153.21:8080/script.php,8,0,1
1612535509932,182,Home,200,OK,Users 1-14,text,true,,311,130,15,15,http://10.130.153.21:8080/script.php,8,0,1
1612535510013,182,Home,200,OK,Users 1-7,text,true,,302,130,15,15,http://10.130.153.21:8080/script.php,9,0,1
1612535510080,183,Home,200,OK,Users 1-12,text,true,,302,130,15,15,http://10.130.153.21:8080/script.php,9,0,1
1612535510174,184,Home,200,OK,Users 1-6,text,true,,310,130,15,15,http://10.130.153.21:8080/script.php,9,0,2
1612535510193,186,Home,200,OK,Users 1-13,text,true,,301,130,15,15,http://10.130.153.21:8080/script.php,11,0,1
1612535510087,396,Home,200,OK,Users 1-8,text,true,,301,130,15,15,http://10.130.153.21:8080/script.php,9,0,1
1612535510313,179,Home,200,OK,Users 1-2,text,true,,301,130,15,15,http://10.130.153.21:8080/script.php,9,0,1
1612535515653,188,Home,200,OK,Users 1-4,text,true,,302,130,15,15,http://10.130.153.21:8080/script.php,16,0,1
1612535515653,188,Home,200,OK,Users 1-10,text,true,,302,130,15,15,http://10.130.153.21:8080/script.php,16,0,1
1612535515712,180,Home,200,OK,Users 1-1,text,true,,292,130,15,15,http://10.130.153.21:8080/script.php,8,0,1
1612535515801,178,Home,200,OK,Users 1-9,text,true,,301,130,15,15,http://10.130.153.21:8080/script.php,8,0,1
1612535515897,177,Home,200,OK,Users 1-3,text,true,,301,130,15,15,http://10.130.153.21:8080/script.php,8,0,0
1612535516012,182,Home,200,OK,Users 1-15,text,true,,302,130,15,15,http://10.130.153.21:8080/script.php,8,0,1
1612535516012,183,Home,200,OK,Users 1-5,text,true,,302,130,15,15,http://10.130.153.21:8080/script.php,8,0,1
1612535516068,182,Home,200,OK,Users 1-11,text,true,,292,130,15,15,http://10.130.153.21:8080/script.php,8,0,1
1612535516115,182,Home,200,OK,Users 1-14,text,true,,301,130,15,15,http://10.130.153.21:8080/script.php,8,0,1
1612535516196,179,Home,200,OK,Users 1-7,text,true,,292,130,15,15,http://10.130.153.21:8080/script.php,8,0,1
1612535516264,197,Home,200,OK,Users 1-12,text,true,,292,130,15,15,http://10.130.153.21:8080/script.php,8,0,1
1612535516359,181,Home,200,OK,Users 1-6,text,true,,301,130,15,15,http://10.130.153.21:8080/script.php,8,0,1
1612535516379,181,Home,200,OK,Users 1-13,text,true,,292,130,15,15,http://10.130.153.21:8080/script.php,9,0,1
1612535516484,179,Home,200,OK,Users 1-8,text,true,,301,130,15,15,http://10.130.153.21:8080/script.php,9,0,1
1612535516492,179,Home,200,OK,Users 1-2,text,true,,301,130,15,15,http://10.130.153.21:8080/script.php,9,0,2
1612535521842,188,Home,200,OK,Users 1-4,text,true,,302,130,15,15,http://10.130.153.21:8080/script.php,16,0,1
1612535521842,188,Home,200,OK,Users 1-10,text,true,,302,130,15,15,http://10.130.153.21:8080/script.php,16,0,1
1612535521892,181,Home,200,OK,Users 1-1,text,true,,292,130,15,15,http://10.130.153.21:8080/script.php,9,0,2
1612535521980,179,Home,200,OK,Users 1-9,text,true,,301,130,15,15,http://10.130.153.21:8080/script.php,8,0,1
1612535522075,178,Home,200,OK,Users 1-3,text,true,,302,130,15,15,http://10.130.153.21:8080/script.php,8,0,1
1612535522195,182,Home,200,OK,Users 1-15,text,true,,291,130,15,15,http://10.130.153.21:8080/script.php,8,0,1
1612535522195,183,Home,200,OK,Users 1-5,text,true,,307,130,15,15,http://10.130.153.21:8080/script.php,8,0,1
1612535522251,182,Home,200,OK,Users 1-11,text,true,,292,130,15,15,http://10.130.153.21:8080/script.php,8,0,0
1612535522298,182,Home,200,OK,Users 1-14,text,true,,301,130,15,15,http://10.130.153.21:8080/script.php,8,0,0
1612535522375,180,Home,200,OK,Users 1-7,text,true,,292,130,15,15,http://10.130.153.21:8080/script.php,9,0,1
1612535522461,180,Home,200,OK,Users 1-12,text,true,,292,130,15,15,http://10.130.153.21:8080/script.php,8,0,1
1612535522541,181,Home,200,OK,Users 1-6,text,true,,302,130,15,15,http://10.130.153.21:8080/script.php,8,0,1
1612535522561,182,Home,200,OK,Users 1-13,text,true,,292,130,15,15,http://10.130.153.21:8080/script.php,8,0,1
1612535522664,179,Home,200,OK,Users 1-8,text,true,,292,130,15,15,http://10.130.153.21:8080/script.php,8,0,1
1612535522672,179,Home,200,OK,Users 1-2,text,true,,301,130,15,15,http://10.130.153.21:8080/script.php,9,0,1
1612535528030,190,Home,200,OK,Users 1-10,text,true,,302,130,15,15,http://10.130.153.21:8080/script.php,17,0,1
1612535528032,188,Home,200,OK,Users 1-4,text,true,,302,130,15,15,http://10.130.153.21:8080/script.php,15,0,1
1612535528073,181,Home,200,OK,Users 1-1,text,true,,292,130,15,15,http://10.130.153.21:8080/script.php,8,0,1
1612535528159,179,Home,200,OK,Users 1-9,text,true,,300,130,15,15,http://10.130.153.21:8080/script.php,8,0,1
1612535528252,177,Home,200,OK,Users 1-3,text,true,,292,130,15,15,http://10.130.153.21:8080/script.php,8,0,1
1612535528377,182,Home,200,OK,Users 1-15,text,true,,302,130,15,15,http://10.130.153.21:8080/script.php,8,0,1
1612535528378,182,Home,200,OK,Users 1-5,text,true,,302,130,15,15,http://10.130.153.21:8080/script.php,7,0,0
1612535528433,182,Home,200,OK,Users 1-11,text,true,,292,130,15,15,http://10.130.153.21:8080/script.php,8,0,0
1612535528479,183,Home,200,OK,Users 1-14,text,true,,301,130,15,15,http://10.130.153.21:8080/script.php,9,0,1
1612535528555,182,Home,200,OK,Users 1-7,text,true,,292,130,15,15,http://10.130.153.21:8080/script.php,11,0,1
1612535528640,180,Home,200,OK,Users 1-12,text,true,,292,130,15,15,http://10.130.153.21:8080/script.php,9,0,1
1612535528722,181,Home,200,OK,Users 1-6,text,true,,302,130,15,15,http://10.130.153.21:8080/script.php,8,0,1
1612535528742,182,Home,200,OK,Users 1-13,text,true,,292,130,15,15,http://10.130.153.21:8080/script.php,9,0,1
1612535528843,179,Home,200,OK,Users 1-8,text,true,,292,130,15,15,http://10.130.153.21:8080/script.php,8,0,1
1612535528851,179,Home,200,OK,Users 1-2,text,true,,301,130,15,15,http://10.130.153.21:8080/script.php,8,0,1
1612535534221,192,Home,200,OK,Users 1-10,text,true,,302,130,15,15,http://10.130.153.21:8080/script.php,18,0,1
1612535534222,192,Home,200,OK,Users 1-4,text,true,,302,130,15,15,http://10.130.153.21:8080/script.php,18,0,3
1612535534255,182,Home,200,OK,Users 1-1,text,true,,292,130,15,15,http://10.130.153.21:8080/script.php,8,0,1
1612535534338,180,Home,200,OK,Users 1-9,text,true,,301,130,15,15,http://10.130.153.21:8080/script.php,8,0,1
1612535534430,176,Home,200,OK,Users 1-3,text,true,,292,130,15,15,http://10.130.153.21:8080/script.php,7,0,0
1612535534560,182,Home,200,OK,Users 1-5,text,true,,302,130,15,15,http://10.130.153.21:8080/script.php,8,0,1
1612535534560,182,Home,200,OK,Users 1-15,text,true,,302,130,15,15,http://10.130.153.21:8080/script.php,8,0,1
1612535534615,182,Home,200,OK,Users 1-11,text,true,,292,130,15,15,http://10.130.153.21:8080/script.php,8,0,1
1612535534662,183,Home,200,OK,Users 1-14,text,true,,301,130,15,15,http://10.130.153.21:8080/script.php,8,0,1
1612535534737,185,Home,200,OK,Users 1-7,text,true,,292,130,15,15,http://10.130.153.21:8080/script.php,14,0,1
1612535534820,179,Home,200,OK,Users 1-12,text,true,,292,130,15,15,http://10.130.153.21:8080/script.php,8,0,1
1612535534903,182,Home,200,OK,Users 1-6,text,true,,302,130,15,15,http://10.130.153.21:8080/script.php,9,0,1
1612535534924,182,Home,200,OK,Users 1-13,text,true,,292,130,15,15,http://10.130.153.21:8080/script.php,9,0,1
1612535535022,179,Home,200,OK,Users 1-8,text,true,,292,130,15,15,http://10.130.153.21:8080/script.php,8,0,1
1612535535030,179,Home,200,OK,Users 1-2,text,true,,301,130,15,15,http://10.130.153.21:8080/script.php,8,0,1
1612535540415,183,Home,200,OK,Users 1-10,text,true,,301,130,15,15,http://10.130.153.21:8080/script.php,9,0,1
1612535540415,183,Home,200,OK,Users 1-4,text,true,,301,130,15,15,http://10.130.153.21:8080/script.php,9,0,2
1612535540439,182,Home,200,OK,Users 1-1,text,true,,292,130,15,15,http://10.130.153.21:8080/script.php,8,0,0
1612535540519,181,Home,200,OK,Users 1-9,text,true,,301,130,15,15,http://10.130.153.21:8080/script.php,9,0,1
1612535540608,178,Home,200,OK,Users 1-3,text,true,,291,130,15,15,http://10.130.153.21:8080/script.php,8,0,1
1612535540744,182,Home,200,OK,Users 1-5,text,true,,311,130,15,15,http://10.130.153.21:8080/script.php,8,0,1
1612535540744,182,Home,200,OK,Users 1-15,text,true,,302,130,15,15,http://10.130.153.21:8080/script.php,8,0,1
1612535540799,182,Home,200,OK,Users 1-11,text,true,,292,130,15,15,http://10.130.153.21:8080/script.php,8,0,1
1612535540846,183,Home,200,OK,Users 1-14,text,true,,301,130,15,15,http://10.130.153.21:8080/script.php,9,0,1
1612535540923,184,Home,200,OK,Users 1-7,text,true,,292,130,15,15,http://10.130.153.21:8080/script.php,13,0,1
1612535541001,180,Home,200,OK,Users 1-12,text,true,,292,130,15,15,http://10.130.153.21:8080/script.php,8,0,1
1612535541086,182,Home,200,OK,Users 1-6,text,true,,302,130,15,15,http://10.130.153.21:8080/script.php,9,0,1
1612535541107,182,Home,200,OK,Users 1-13,text,true,,292,130,15,15,http://10.130.153.21:8080/script.php,9,0,1
1612535541203,179,Home,200,OK,Users 1-8,text,true,,291,130,15,15,http://10.130.153.21:8080/script.php,8,0,1
1612535541211,179,Home,200,OK,Users 1-2,text,true,,301,130,15,15,http://10.130.153.21:8080/script.php,8,0,1
1612535546599,186,Home,200,OK,Users 1-4,text,true,,302,130,15,15,http://10.130.153.21:8080/script.php,12,0,1
1612535546598,187,Home,200,OK,Users 1-10,text,true,,302,130,15,15,http://10.130.153.21:8080/script.php,13,0,2
1612535546621,183,Home,200,OK,Users 1-1,text,true,,292,130,15,15,http://10.130.153.21:8080/script.php,9,0,1
1612535546700,181,Home,200,OK,Users 1-9,text,true,,301,130,15,15,http://10.130.153.21:8080/script.php,9,0,1
1612535546786,178,Home,200,OK,Users 1-3,text,true,,292,130,15,15,http://10.130.153.21:8080/script.php,9,0,1
1612535546927,182,Home,200,OK,Users 1-15,text,true,,302,130,15,15,http://10.130.153.21:8080/script.php,8,0,1
1612535546926,183,Home,200,OK,Users 1-5,text,true,,302,130,15,15,http://10.130.153.21:8080/script.php,9,0,2
1612535546982,183,Home,200,OK,Users 1-11,text,true,,292,130,15,15,http://10.130.153.21:8080/script.php,8,0,1
1612535547029,183,Home,200,OK,Users 1-14,text,true,,301,130,15,15,http://10.130.153.21:8080/script.php,9,0,1
1612535547107,180,Home,200,OK,Users 1-7,text,true,,301,130,15,15,http://10.130.153.21:8080/script.php,9,0,1
1612535547181,180,Home,200,OK,Users 1-12,text,true,,292,130,15,15,http://10.130.153.21:8080/script.php,9,0,1
1612535547268,183,Home,200,OK,Users 1-6,text,true,,302,130,15,15,http://10.130.153.21:8080/script.php,9,0,2
1612535547289,182,Home,200,OK,Users 1-13,text,true,,292,130,15,15,http://10.130.153.21:8080/script.php,9,0,1
1612535547383,180,Home,200,OK,Users 1-8,text,true,,292,130,15,15,http://10.130.153.21:8080/script.php,8,0,1
1612535547390,180,Home,200,OK,Users 1-2,text,true,,301,130,15,15,http://10.130.153.21:8080/script.php,9,0,2
1612535552786,193,Home,200,OK,Users 1-4,text,true,,302,130,15,15,http://10.130.153.21:8080/script.php,19,0,1
1612535552786,195,Home,200,OK,Users 1-10,text,true,,302,130,15,15,http://10.130.153.21:8080/script.php,19,0,1
1612535552804,183,Home,200,OK,Users 1-1,text,true,,292,130,15,15,http://10.130.153.21:8080/script.php,9,0,1
1612535552881,182,Home,200,OK,Users 1-9,text,true,,301,130,15,15,http://10.130.153.21:8080/script.php,9,0,1
1612535552965,190,Home,200,OK,Users 1-3,text,true,,292,130,15,15,http://10.130.153.21:8080/script.php,21,0,1
1612535553110,182,Home,200,OK,Users 1-15,text,true,,302,130,15,15,http://10.130.153.21:8080/script.php,8,0,0
1612535553110,182,Home,200,OK,Users 1-5,text,true,,302,130,15,15,http://10.130.153.21:8080/script.php,8,0,1
1612535553165,183,Home,200,OK,Users 1-11,text,true,,292,130,15,15,http://10.130.153.21:8080/script.php,8,0,1
1612535553213,182,Home,200,OK,Users 1-14,text,true,,301,130,15,15,http://10.130.153.21:8080/script.php,8,0,0
1612535553287,184,Home,200,OK,Users 1-7,text,true,,291,130,15,15,http://10.130.153.21:8080/script.php,13,0,1
1612535553362,179,Home,200,OK,Users 1-12,text,true,,292,130,15,15,http://10.130.153.21:8080/script.php,8,0,1
1612535553451,185,Home,200,OK,Users 1-6,text,true,,302,130,15,15,http://10.130.153.21:8080/script.php,9,0,1
1612535553471,188,Home,200,OK,Users 1-13,text,true,,292,130,15,15,http://10.130.153.21:8080/script.php,9,0,1
1612535553563,188,Home,200,OK,Users 1-8,text,true,,291,130,15,15,http://10.130.153.21:8080/script.php,9,0,1
1612535553570,183,Home,200,OK,Users 1-2,text,true,,301,130,15,15,http://10.130.153.21:8080/script.php,9,0,1
1612535558982,191,Home,200,OK,Users 1-4,text,true,,302,130,15,15,http://10.130.153.21:8080/script.php,17,0,1
1612535558982,191,Home,200,OK,Users 1-10,text,true,,302,130,15,15,http://10.130.153.21:8080/script.php,17,0,1
1612535558988,187,Home,200,OK,Users 1-1,text,true,,292,130,15,15,http://10.130.153.21:8080/script.php,12,0,1
1612535559063,182,Home,200,OK,Users 1-9,text,true,,301,130,15,15,http://10.130.153.21:8080/script.php,8,0,1
1612535559155,194,Home,200,OK,Users 1-3,text,true,,292,130,15,15,http://10.130.153.21:8080/script.php,24,0,1
1612535559292,184,Home,200,OK,Users 1-15,text,true,,302,130,15,15,http://10.130.153.21:8080/script.php,9,0,2
1612535559292,184,Home,200,OK,Users 1-5,text,true,,302,130,15,15,http://10.130.153.21:8080/script.php,9,0,2
1612535559348,200,Home,200,OK,Users 1-11,text,true,,302,130,15,15,http://10.130.153.21:8080/script.php,9,0,1
1612535559396,185,Home,200,OK,Users 1-14,text,true,,301,130,15,15,http://10.130.153.21:8080/script.php,8,0,1
1612535559472,181,Home,200,OK,Users 1-7,text,true,,292,130,15,15,http://10.130.153.21:8080/script.php,11,0,1
1612535559542,180,Home,200,OK,Users 1-12,text,true,,292,130,15,15,http://10.130.153.21:8080/script.php,8,0,1
1612535559637,182,Home,200,OK,Users 1-6,text,true,,302,130,15,15,http://10.130.153.21:8080/script.php,8,0,1
1612535559659,181,Home,200,OK,Users 1-13,text,true,,292,130,15,15,http://10.130.153.21:8080/script.php,9,0,1
1612535559751,180,Home,200,OK,Users 1-8,text,true,,301,130,15,15,http://10.130.153.21:8080/script.php,9,0,1
1612535559754,179,Home,200,OK,Users 1-2,text,true,,301,130,15,15,http://10.130.153.21:8080/script.php,8,0,1
1612535565174,190,Home,200,OK,Users 1-1,text,true,,302,130,15,15,http://10.130.153.21:8080/script.php,15,0,1
1612535565173,191,Home,200,OK,Users 1-10,text,true,,301,130,15,15,http://10.130.153.21:8080/script.php,16,0,1
1612535565173,208,Home,200,OK,Users 1-4,text,true,,292,130,15,15,http://10.130.153.21:8080/script.php,16,0,1
1612535565245,182,Home,200,OK,Users 1-9,text,true,,300,130,15,15,http://10.130.153.21:8080/script.php,8,0,1
1612535565349,191,Home,200,OK,Users 1-3,text,true,,292,130,15,15,http://10.130.153.21:8080/script.php,22,0,1
1612535565475,183,Home,200,OK,Users 1-15,text,true,,302,130,15,15,http://10.130.153.21:8080/script.php,9,0,1
1612535565475,183,Home,200,OK,Users 1-5,text,true,,301,130,15,15,http://10.130.153.21:8080/script.php,9,0,1
1612535565548,183,Home,200,OK,Users 1-11,text,true,,302,130,15,15,http://10.130.153.21:8080/script.php,8,0,1
1612535565580,184,Home,200,OK,Users 1-14,text,true,,301,130,15,15,http://10.130.153.21:8080/script.php,9,0,2
1612535565653,184,Home,200,OK,Users 1-7,text,true,,292,130,15,15,http://10.130.153.21:8080/script.php,12,0,1
1612535565721,180,Home,200,OK,Users 1-12,text,true,,301,130,15,15,http://10.130.153.21:8080/script.php,9,0,1
1612535565818,184,Home,200,OK,Users 1-6,text,true,,302,130,15,15,http://10.130.153.21:8080/script.php,9,0,1
1612535565839,181,Home,200,OK,Users 1-13,text,true,,292,130,15,15,http://10.130.153.21:8080/script.php,8,0,1
1612535565930,180,Home,200,OK,Users 1-8,text,true,,301,130,15,15,http://10.130.153.21:8080/script.php,8,0,1
1612535565933,179,Home,200,OK,Users 1-2,text,true,,301,130,15,15,http://10.130.153.21:8080/script.php,7,0,0
1612535571365,191,Home,200,OK,Users 1-1,text,true,,302,130,15,15,http://10.130.153.21:8080/script.php,16,0,1
1612535571382,183,Home,200,OK,Users 1-4,text,true,,302,130,15,15,http://10.130.153.21:8080/script.php,7,0,0
1612535571428,183,Home,200,OK,Users 1-9,text,true,,301,130,15,15,http://10.130.153.21:8080/script.php,7,0,0
1612535571541,195,Home,200,OK,Users 1-3,text,true,,311,130,15,15,http://10.130.153.21:8080/script.php,22,0,0
1612535571365,412,Home,200,OK,Users 1-10,text,true,,302,130,15,15,http://10.130.153.21:8080/script.php,16,0,1
1612535571658,185,Home,200,OK,Users 1-5,text,true,,311,130,15,15,http://10.130.153.21:8080/script.php,9,0,1
1612535571658,186,Home,200,OK,Users 1-15,text,true,,311,130,15,15,http://10.130.153.21:8080/script.php,9,0,1
1612535571732,186,Home,200,OK,Users 1-11,text,true,,311,130,15,15,http://10.130.153.21:8080/script.php,11,0,0
1612535571765,193,Home,200,OK,Users 1-14,text,true,,301,130,15,15,http://10.130.153.21:8080/script.php,18,0,0
1612535571837,186,Home,200,OK,Users 1-7,text,true,,307,130,15,15,http://10.130.153.21:8080/script.php,14,0,1
1612535571901,180,Home,200,OK,Users 1-12,text,true,,301,130,15,15,http://10.130.153.21:8080/script.php,8,0,1
1612535572003,181,Home,200,OK,Users 1-6,text,true,,302,130,15,15,http://10.130.153.21:8080/script.php,8,0,0
1612535572020,181,Home,200,OK,Users 1-13,text,true,,291,130,15,15,http://10.130.153.21:8080/script.php,8,0,1
1612535572110,180,Home,200,OK,Users 1-8,text,true,,301,130,15,15,http://10.130.153.21:8080/script.php,9,0,1
1612535572112,179,Home,200,OK,Users 1-2,text,true,,301,130,15,15,http://10.130.153.21:8080/script.php,8,0,1
1612535577556,180,Home,200,OK,Users 1-1,text,true,,292,130,15,15,http://10.130.153.21:8080/script.php,9,0,2
1612535577565,184,Home,200,OK,Users 1-4,text,true,,292,130,15,15,http://10.130.153.21:8080/script.php,8,0,1
1612535577611,181,Home,200,OK,Users 1-9,text,true,,292,130,15,15,http://10.130.153.21:8080/script.php,9,0,2
1612535577736,181,Home,200,OK,Users 1-3,text,true,,302,130,15,15,http://10.130.153.21:8080/script.php,9,0,1
1612535577777,182,Home,200,OK,Users 1-10,text,true,,302,130,15,15,http://10.130.153.21:8080/script.php,8,0,1
1612535577844,184,Home,200,OK,Users 1-5,text,true,,311,130,15,15,http://10.130.153.21:8080/script.php,9,0,1
1612535577844,185,Home,200,OK,Users 1-15,text,true,,306,130,15,15,http://10.130.153.21:8080/script.php,9,0,1
1612535577918,184,Home,200,OK,Users 1-11,text,true,,311,130,15,15,http://10.130.153.21:8080/script.php,9,0,1
1612535577958,184,Home,200,OK,Users 1-14,text,true,,301,130,15,15,http://10.130.153.21:8080/script.php,9,0,1
1612535578024,184,Home,200,OK,Users 1-7,text,true,,302,130,15,15,http://10.130.153.21:8080/script.php,12,0,1
1612535578081,181,Home,200,OK,Users 1-12,text,true,,301,130,15,15,http://10.130.153.21:8080/script.php,9,0,1
1612535578186,182,Home,200,OK,Users 1-6,text,true,,302,130,15,15,http://10.130.153.21:8080/script.php,8,0,1
1612535578203,181,Home,200,OK,Users 1-13,text,true,,292,130,15,15,http://10.130.153.21:8080/script.php,8,0,1
1612535578292,180,Home,200,OK,Users 1-8,text,true,,301,130,15,15,http://10.130.153.21:8080/script.php,8,0,1
1612535578293,179,Home,200,OK,Users 1-2,text,true,,301,130,15,15,http://10.130.153.21:8080/script.php,8,0,1
1612535583738,196,Home,200,OK,Users 1-1,text,true,,302,130,15,15,http://10.130.153.21:8080/script.php,24,0,8
1612535583750,185,Home,200,OK,Users 1-4,text,true,,292,130,15,15,http://10.130.153.21:8080/script.php,13,0,1
1612535583793,181,Home,200,OK,Users 1-9,text,true,,292,130,15,15,http://10.130.153.21:8080/script.php,8,0,1
1612535583919,180,Home,200,OK,Users 1-3,text,true,,311,130,15,15,http://10.130.153.21:8080/script.php,7,0,0
1612535583960,182,Home,200,OK,Users 1-10,text,true,,302,130,15,15,http://10.130.153.21:8080/script.php,8,0,1
1612535584030,184,Home,200,OK,Users 1-15,text,true,,311,130,15,15,http://10.130.153.21:8080/script.php,8,0,1
1612535584030,185,Home,200,OK,Users 1-5,text,true,,300,130,15,15,http://10.130.153.21:8080/script.php,8,0,1
1612535584104,183,Home,200,OK,Users 1-11,text,true,,311,130,15,15,http://10.130.153.21:8080/script.php,8,0,0
1612535584143,182,Home,200,OK,Users 1-14,text,true,,301,130,15,15,http://10.130.153.21:8080/script.php,8,0,0
1612535584209,186,Home,200,OK,Users 1-7,text,true,,301,130,15,15,http://10.130.153.21:8080/script.php,13,0,1
1612535584263,181,Home,200,OK,Users 1-12,text,true,,301,130,15,15,http://10.130.153.21:8080/script.php,8,0,1
1612535584369,182,Home,200,OK,Users 1-6,text,true,,302,130,15,15,http://10.130.153.21:8080/script.php,8,0,1
1612535584385,181,Home,200,OK,Users 1-13,text,true,,301,130,15,15,http://10.130.153.21:8080/script.php,8,0,0
1612535584472,181,Home,200,OK,Users 1-2,text,true,,301,130,15,15,http://10.130.153.21:8080/script.php,9,0,1
1612535584472,181,Home,200,OK,Users 1-8,text,true,,301,130,15,15,http://10.130.153.21:8080/script.php,9,0,1
1612535589935,191,Home,200,OK,Users 1-4,text,true,,302,130,15,15,http://10.130.153.21:8080/script.php,18,0,1
1612535589935,191,Home,200,OK,Users 1-1,text,true,,302,130,15,15,http://10.130.153.21:8080/script.php,18,0,1
1612535589974,185,Home,200,OK,Users 1-9,text,true,,292,130,15,15,http://10.130.153.21:8080/script.php,9,0,1
1612535590099,182,Home,200,OK,Users 1-3,text,true,,311,130,15,15,http://10.130.153.21:8080/script.php,9,0,1
1612535590142,182,Home,200,OK,Users 1-10,text,true,,302,130,15,15,http://10.130.153.21:8080/script.php,8,0,1
1612535590215,184,Home,200,OK,Users 1-5,text,true,,311,130,15,15,http://10.130.153.21:8080/script.php,8,0,1
1612535590215,185,Home,200,OK,Users 1-15,text,true,,301,130,15,15,http://10.130.153.21:8080/script.php,8,0,1
1612535590287,185,Home,200,OK,Users 1-11,text,true,,310,130,15,15,http://10.130.153.21:8080/script.php,8,0,1
1612535590326,182,Home,200,OK,Users 1-14,text,true,,301,130,15,15,http://10.130.153.21:8080/script.php,7,0,0
1612535590395,184,Home,200,OK,Users 1-7,text,true,,302,130,15,15,http://10.130.153.21:8080/script.php,11,0,0
1612535590444,181,Home,200,OK,Users 1-12,text,true,,301,130,15,15,http://10.130.153.21:8080/script.php,8,0,1
1612535590551,182,Home,200,OK,Users 1-6,text,true,,302,130,15,15,http://10.130.153.21:8080/script.php,8,0,1
1612535590567,182,Home,200,OK,Users 1-13,text,true,,301,130,15,15,http://10.130.153.21:8080/script.php,8,0,0
1612535590654,179,Home,200,OK,Users 1-8,text,true,,301,130,15,15,http://10.130.153.21:8080/script.php,7,0,0
1612535590653,180,Home,200,OK,Users 1-2,text,true,,301,130,15,15,http://10.130.153.21:8080/script.php,8,0,1
1612535596126,192,Home,200,OK,Users 1-1,text,true,,302,130,15,15,http://10.130.153.21:8080/script.php,19,0,2
1612535596126,192,Home,200,OK,Users 1-4,text,true,,302,130,15,15,http://10.130.153.21:8080/script.php,19,0,2
1612535596159,182,Home,200,OK,Users 1-9,text,true,,292,130,15,15,http://10.130.153.21:8080/script.php,9,0,1
1612535596282,181,Home,200,OK,Users 1-3,text,true,,311,130,15,15,http://10.130.153.21:8080/script.php,8,0,1
1612535596325,181,Home,200,OK,Users 1-10,text,true,,302,130,15,15,http://10.130.153.21:8080/script.php,8,0,1
1612535596399,185,Home,200,OK,Users 1-5,text,true,,310,130,15,15,http://10.130.153.21:8080/script.php,9,0,1
1612535596400,184,Home,200,OK,Users 1-15,text,true,,311,130,15,15,http://10.130.153.21:8080/script.php,8,0,1
1612535596472,184,Home,200,OK,Users 1-11,text,true,,311,130,15,15,http://10.130.153.21:8080/script.php,9,0,1
1612535596508,184,Home,200,OK,Users 1-14,text,true,,301,130,15,15,http://10.130.153.21:8080/script.php,9,0,1
1612535596579,185,Home,200,OK,Users 1-7,text,true,,302,130,15,15,http://10.130.153.21:8080/script.php,12,0,1
1612535596625,181,Home,200,OK,Users 1-12,text,true,,301,130,15,15,http://10.130.153.21:8080/script.php,9,0,1
1612535596749,182,Home,200,OK,Users 1-13,text,true,,311,130,15,15,http://10.130.153.21:8080/script.php,8,0,1
1612535596733,200,Home,200,OK,Users 1-6,text,true,,292,130,15,15,http://10.130.153.21:8080/script.php,9,0,2
1612535596833,180,Home,200,OK,Users 1-8,text,true,,301,130,15,15,http://10.130.153.21:8080/script.php,8,0,1
1612535596833,180,Home,200,OK,Users 1-2,text,true,,301,130,15,15,http://10.130.153.21:8080/script.php,8,0,1
1612535602318,189,Home,200,OK,Users 1-4,text,true,,302,130,15,15,http://10.130.153.21:8080/script.php,16,0,2
1612535602318,189,Home,200,OK,Users 1-1,text,true,,302,130,15,15,http://10.130.153.21:8080/script.php,16,0,2
1612535602341,182,Home,200,OK,Users 1-9,text,true,,292,130,15,15,http://10.130.153.21:8080/script.php,9,0,1
1612535602464,181,Home,200,OK,Users 1-3,text,true,,311,130,15,15,http://10.130.153.21:8080/script.php,8,0,1
1612535602506,182,Home,200,OK,Users 1-10,text,true,,302,130,15,15,http://10.130.153.21:8080/script.php,9,0,1
1612535602584,185,Home,200,OK,Users 1-15,text,true,,311,130,15,15,http://10.130.153.21:8080/script.php,9,0,2
1612535602584,186,Home,200,OK,Users 1-5,text,true,,301,130,15,15,http://10.130.153.21:8080/script.php,9,0,1
1612535602657,184,Home,200,OK,Users 1-11,text,true,,310,130,15,15,http://10.130.153.21:8080/script.php,8,0,1
1612535602692,184,Home,200,OK,Users 1-14,text,true,,301,130,15,15,http://10.130.153.21:8080/script.php,9,0,1
1612535602764,185,Home,200,OK,Users 1-7,text,true,,307,130,15,15,http://10.130.153.21:8080/script.php,13,0,1
1612535602807,180,Home,200,OK,Users 1-12,text,true,,301,130,15,15,http://10.130.153.21:8080/script.php,8,0,1
1612535602934,182,Home,200,OK,Users 1-6,text,true,,311,130,15,15,http://10.130.153.21:8080/script.php,8,0,1
1612535602932,200,Home,200,OK,Users 1-13,text,true,,300,130,15,15,http://10.130.153.21:8080/script.php,8,0,1
1612535603014,181,Home,200,OK,Users 1-2,text,true,,301,130,15,15,http://10.130.153.21:8080/script.php,8,0,1
1612535603013,182,Home,200,OK,Users 1-8,text,true,,300,130,15,15,http://10.130.153.21:8080/script.php,9,0,2
1612535608507,182,Home,200,OK,Users 1-1,text,true,,302,130,15,15,http://10.130.153.21:8080/script.php,7,0,0
1612535608507,182,Home,200,OK,Users 1-4,text,true,,292,130,15,15,http://10.130.153.21:8080/script.php,7,0,0
1612535608522,181,Home,200,OK,Users 1-9,text,true,,292,130,15,15,http://10.130.153.21:8080/script.php,8,0,1
1612535608645,181,Home,200,OK,Users 1-3,text,true,,311,130,15,15,http://10.130.153.21:8080/script.php,8,0,0
1612535608687,189,Home,200,OK,Users 1-10,text,true,,302,130,15,15,http://10.130.153.21:8080/script.php,16,0,1
1612535608769,183,Home,200,OK,Users 1-15,text,true,,311,130,15,15,http://10.130.153.21:8080/script.php,8,0,0
1612535608769,183,Home,200,OK,Users 1-5,text,true,,311,130,15,15,http://10.130.153.21:8080/script.php,8,0,1
1612535608840,184,Home,200,OK,Users 1-11,text,true,,311,130,15,15,http://10.130.153.21:8080/script.php,8,0,1
1612535608876,183,Home,200,OK,Users 1-14,text,true,,301,130,15,15,http://10.130.153.21:8080/script.php,7,0,0
1612535608948,187,Home,200,OK,Users 1-7,text,true,,302,130,15,15,http://10.130.153.21:8080/script.php,15,0,1
1612535608987,180,Home,200,OK,Users 1-12,text,true,,301,130,15,15,http://10.130.153.21:8080/script.php,8,0,0
1612535609115,182,Home,200,OK,Users 1-6,text,true,,302,130,15,15,http://10.130.153.21:8080/script.php,8,0,1
1612535609131,183,Home,200,OK,Users 1-13,text,true,,291,130,15,15,http://10.130.153.21:8080/script.php,9,0,1
1612535609194,182,Home,200,OK,Users 1-2,text,true,,301,130,15,15,http://10.130.153.21:8080/script.php,9,0,1
1612535609195,181,Home,200,OK,Users 1-8,text,true,,301,130,15,15,http://10.130.153.21:8080/script.php,8,0,0
1612535614691,188,Home,200,OK,Users 1-1,text,true,,302,130,15,15,http://10.130.153.21:8080/script.php,15,0,1
1612535614691,188,Home,200,OK,Users 1-4,text,true,,302,130,15,15,http://10.130.153.21:8080/script.php,15,0,1
1612535614705,181,Home,200,OK,Users 1-9,text,true,,292,130,13,13,http://10.130.153.21:8080/script.php,8,0,1
1612535614827,182,Home,200,OK,Users 1-3,text,true,,311,130,12,12,http://10.130.153.21:8080/script.php,9,0,1
1612535614877,182,Home,200,OK,Users 1-10,text,true,,302,130,11,11,http://10.130.153.21:8080/script.php,10,0,1
1612535614954,184,Home,200,OK,Users 1-5,text,true,,311,130,10,10,http://10.130.153.21:8080/script.php,8,0,1
1612535614954,184,Home,200,OK,Users 1-15,text,true,,311,130,9,9,http://10.130.153.21:8080/script.php,8,0,1
1612535615025,184,Home,200,OK,Users 1-11,text,true,,311,130,8,8,http://10.130.153.21:8080/script.php,8,0,1
1612535615060,184,Home,200,OK,Users 1-14,text,true,,300,130,7,7,http://10.130.153.21:8080/script.php,9,0,1
1612535615137,180,Home,200,OK,Users 1-7,text,true,,311,130,6,6,http://10.130.153.21:8080/script.php,8,0,1
1612535615168,180,Home,200,OK,Users 1-12,text,true,,301,130,5,5,http://10.130.153.21:8080/script.php,8,0,1
1612535615299,182,Home,200,OK,Users 1-6,text,true,,302,130,4,4,http://10.130.153.21:8080/script.php,8,0,0
1612535615315,182,Home,200,OK,Users 1-13,text,true,,291,130,3,3,http://10.130.153.21:8080/script.php,8,0,1
1612535615377,182,Home,200,OK,Users 1-2,text,true,,301,130,2,2,http://10.130.153.21:8080/script.php,9,0,1
1612535615377,182,Home,200,OK,Users 1-8,text,true,,301,130,2,2,http://10.130.153.21:8080/script.php,9,0,1
